left_id,left_title,right_id,right_title,pair_id
1016458896-0,Nike Court Vision Low,1118228839-7,Nike React Miler,0
1016458896-0,Nike Court Vision Low,1118228839-7,Nike React Miler,1
1016458896-0,Nike Court Vision Low,1118228839-7,Nike React Miler,2
1016458896-0,Nike Court Vision Low,1118228839-7,Nike React Miler,3
1016458896-0,Nike Court Vision Low,1118228839-7,Nike React Miler,4
1016458896-0,Nike Court Vision Low,1118228839-7,Nike React Miler,5
1016458896-0,Nike Court Vision Low,1118228839-7,Nike React Miler,6
1016458896-0,Nike Court Vision Low,1118228839-7,Nike React Miler,7
1057989135-2,Puma SUEDE CLASSIC,1118228839-7,Nike React Miler,8
1057989135-2,Puma SUEDE CLASSIC,1118228839-7,Nike React Miler,9
1057989135-2,Puma SUEDE CLASSIC,1118228839-7,Nike React Miler,10
1057989135-2,Puma SUEDE CLASSIC,1118228839-7,Nike React Miler,11
1057989135-2,Puma SUEDE CLASSIC,1145937378-8,Converse Chuck Taylor 1970s Hi,12
1057989135-2,Puma SUEDE CLASSIC,1145937378-8,Converse Chuck Taylor 1970s Hi,13
1069509543-0,HUGO Atom Run Coated Sock Trainers,1145937378-8,Converse Chuck Taylor 1970s Hi,14
1069509543-0,HUGO Atom Run Coated Sock Trainers,1145937378-8,Converse Chuck Taylor 1970s Hi,15
1069509543-0,HUGO Atom Run Coated Sock Trainers,1145937378-8,Converse Chuck Taylor 1970s Hi,16
10985175-0,Asics - QUANTUM 180 6,11635808-1,Brooks Cascadia 15 Mens ,17
10985175-0,Asics - QUANTUM 180 6,11635808-1,Brooks Cascadia 15 Mens ,18
10985175-0,Asics - QUANTUM 180 6,11635808-1,Brooks Cascadia 15 Mens ,19
10985175-0,Asics - QUANTUM 180 6,11635808-1,Brooks Cascadia 15 Mens ,20
10985175-0,Asics - QUANTUM 180 6,11635808-1,Brooks Cascadia 15 Mens ,21
10985175-0,Asics - QUANTUM 180 6,11635808-1,Brooks Cascadia 15 Mens ,22
10985175-0,Asics - QUANTUM 180 6,11647416-0,Gabor - 3342010,23
110251526-0,Yeezy 500,11647416-0,Gabor - 3342010,24
110251526-0,Yeezy 500,11647416-0,Gabor - 3342010,25
110251526-0,Yeezy 500,11647416-0,Gabor - 3342010,26
110251526-0,Yeezy 500,11647416-0,Gabor - 3342010,27
110251526-0,Yeezy 500,11647416-0,Gabor - 3342010,28
110251526-0,Yeezy 500,11647416-0,Gabor - 3342010,29
1118228839-7,Nike React Miler,1166563480-1,Unisa DALTON,30
1118228839-7,Nike React Miler,1166563480-1,Unisa DALTON,31
1118228839-7,Nike React Miler,1166563480-1,Unisa DALTON,32
1118228839-7,Nike React Miler,1166563480-1,Unisa DALTON,33
1118228839-7,Nike React Miler,1166563480-1,Unisa DALTON,34
1118228839-7,Nike React Miler,1166563480-1,Unisa DALTON,35
1118228839-7,Nike React Miler,1166563480-1,Unisa DALTON,36
1118228839-7,Nike React Miler,1204170957-0,HUGO ATOM RUNN KNSK,37
1118228839-7,Nike React Miler,1204170957-0,HUGO ATOM RUNN KNSK,38
1118228839-7,Nike React Miler,1204170957-0,HUGO ATOM RUNN KNSK,39
1118228839-7,Nike React Miler,1204170957-0,HUGO ATOM RUNN KNSK,40
1118228839-7,Nike React Miler,1204170957-0,HUGO ATOM RUNN KNSK,41
1240800108-1,Nike Venture Runner,1204170957-0,HUGO ATOM RUNN KNSK,42
1240800108-1,Nike Venture Runner,1204170957-0,HUGO ATOM RUNN KNSK,43
1240800108-1,Nike Venture Runner,13432720-0, Brooks Ricochet 3 Womens Road Running Shoes,44
1240800108-1,Nike Venture Runner,13432720-0, Brooks Ricochet 3 Womens Road Running Shoes,45
1240800108-1,Nike Venture Runner,13432720-0, Brooks Ricochet 3 Womens Road Running Shoes,46
1240800108-1,Nike Venture Runner,13432720-0, Brooks Ricochet 3 Womens Road Running Shoes,47
1240800108-1,Nike Venture Runner,13432720-0, Brooks Ricochet 3 Womens Road Running Shoes,48
1240800108-1,Nike Venture Runner,13432720-0, Brooks Ricochet 3 Womens Road Running Shoes,49
1242945-0,Brooks Divide 2,13432720-1, Brooks Ricochet 3 Womens Road Running Shoes,50
1242945-0,Brooks Divide 2,13432720-1, Brooks Ricochet 3 Womens Road Running Shoes,51
1242945-0,Brooks Divide 2,13432720-1, Brooks Ricochet 3 Womens Road Running Shoes,52
1242945-0,Brooks Divide 2,13432720-1, Brooks Ricochet 3 Womens Road Running Shoes,53
1242945-0,Brooks Divide 2,13432720-1, Brooks Ricochet 3 Womens Road Running Shoes,54
1242945-0,Brooks Divide 2,13432720-1, Brooks Ricochet 3 Womens Road Running Shoes,55
12760256-1,Brooks Levitate 4,1350683671-0,Nike Air Max Alpha Trainer 2,56
12760256-1,Brooks Levitate 4,1350683671-0,Nike Air Max Alpha Trainer 2,57
12760256-1,Brooks Levitate 4,1350683671-0,Nike Air Max Alpha Trainer 2,58
12760256-1,Brooks Levitate 4,1353893293-1,Victoria INGLES PALMERAS,59
12760256-1,Brooks Levitate 4,1353893293-1,Victoria INGLES PALMERAS,60
12760256-1,Brooks Levitate 4,1353893293-1,Victoria INGLES PALMERAS,61
12760256-2,Brooks Levitate 4,1353893293-1,Victoria INGLES PALMERAS,62
12760256-2,Brooks Levitate 4,1353893293-1,Victoria INGLES PALMERAS,63
12760256-2,Brooks Levitate 4,1353893293-1,Victoria INGLES PALMERAS,64
12760256-2,Brooks Levitate 4,15265532-0,adidas Originals - USA 84,65
12967723-0,Brooks Addiction 14,15265532-0,adidas Originals - USA 84,66
12967723-0,Brooks Addiction 14,15265532-0,adidas Originals - USA 84,67
12967723-0,Brooks Addiction 14,15265532-0,adidas Originals - USA 84,68
12967723-0,Brooks Addiction 14,15265532-0,adidas Originals - USA 84,69
12967723-0,Brooks Addiction 14,15265532-0,adidas Originals - USA 84,70
12967723-0,Brooks Addiction 14,15393090-0,Veja Esplar Infant Trainers,71
1402487039-0,Nike Mercurial Superfly 8 Academy TF,15393090-0,Veja Esplar Infant Trainers,72
1402487039-0,Nike Mercurial Superfly 8 Academy TF,15393090-0,Veja Esplar Infant Trainers,73
1402487039-0,Nike Mercurial Superfly 8 Academy TF,15393090-0,Veja Esplar Infant Trainers,74
1402487039-0,Nike Mercurial Superfly 8 Academy TF,15393090-0,Veja Esplar Infant Trainers,75
1402487039-0,Nike Mercurial Superfly 8 Academy TF,15393090-0,Veja Esplar Infant Trainers,76
1402487039-0,Nike Mercurial Superfly 8 Academy TF,15393090-0,Veja Esplar Infant Trainers,77
1402487039-0,Nike Mercurial Superfly 8 Academy TF,15393090-0,Veja Esplar Infant Trainers,78
1402487039-0,Nike Mercurial Superfly 8 Academy TF,15393090-0,Veja Esplar Infant Trainers,79
14890558-0,adidas Grand Court Base Womens Trainers,1558890963-4,Nike Air Max 95,80
14890558-0,adidas Grand Court Base Womens Trainers,1558890963-4,Nike Air Max 95,81
14890558-0,adidas Grand Court Base Womens Trainers,1558890963-4,Nike Air Max 95,82
14890558-0,adidas Grand Court Base Womens Trainers,1558890963-4,Nike Air Max 95,83
14890558-0,adidas Grand Court Base Womens Trainers,1558890963-4,Nike Air Max 95,84
1538669874-0,Nike Mercurial Superfly 8 Academy By You,1558890963-4,Nike Air Max 95,85
1538669874-0,Nike Mercurial Superfly 8 Academy By You,1558890963-4,Nike Air Max 95,86
1538669874-0,Nike Mercurial Superfly 8 Academy By You,1558890963-4,Nike Air Max 95,87
1538669874-0,Nike Mercurial Superfly 8 Academy By You,1558890963-4,Nike Air Max 95,88
1538669874-0,Nike Mercurial Superfly 8 Academy By You,1675100344-1, Brooks Addiction Walker 2,89
1538669874-0,Nike Mercurial Superfly 8 Academy By You,1675100344-1, Brooks Addiction Walker 2,90
1538669874-0,Nike Mercurial Superfly 8 Academy By You,1675100344-1, Brooks Addiction Walker 2,91
1562522412-0,Converse x Bandulu Chuck Taylor 70,1675100344-1, Brooks Addiction Walker 2,92
1562522412-0,Converse x Bandulu Chuck Taylor 70,1675100344-1, Brooks Addiction Walker 2,93
1562522412-0,Converse x Bandulu Chuck Taylor 70,1675100344-1, Brooks Addiction Walker 2,94
1562522412-0,Converse x Bandulu Chuck Taylor 70,1699072982-0,Brooks Cascadia 15 Trail Running Shoes,95
1562522412-0,Converse x Bandulu Chuck Taylor 70,1699072982-0,Brooks Cascadia 15 Trail Running Shoes,96
1562522412-0,Converse x Bandulu Chuck Taylor 70,1699072982-0,Brooks Cascadia 15 Trail Running Shoes,97
1591666771-0,adidas Originals VARIAL MID,1699072982-0,Brooks Cascadia 15 Trail Running Shoes,98
1591666771-0,adidas Originals VARIAL MID,1699072982-0,Brooks Cascadia 15 Trail Running Shoes,99
1591666771-0,adidas Originals VARIAL MID,1699072982-0,Brooks Cascadia 15 Trail Running Shoes,100
1591666771-0,adidas Originals VARIAL MID,1713223114-0,André SPRINTER,101
1591666771-0,adidas Originals VARIAL MID,1713223114-0,André SPRINTER,102
1591666771-0,adidas Originals VARIAL MID,1713223114-0,André SPRINTER,103
1591666771-0,adidas Originals VARIAL MID,1713223114-0,André SPRINTER,104
1626059-0,Brooks ELMN8 v5,1713223114-0,André SPRINTER,105
1626059-0,Brooks ELMN8 v5,1713223114-0,André SPRINTER,106
1626059-0,Brooks ELMN8 v5,1713223114-0,André SPRINTER,107
1626059-0,Brooks ELMN8 v5,1713223114-0,André SPRINTER,108
1626059-0,Brooks ELMN8 v5,17240893-0,Brooks Glycerin 19 Mens,109
1626059-0,Brooks ELMN8 v5,17240893-0,Brooks Glycerin 19 Mens,110
176149208-2,Vans Sk8-Low,17240893-0,Brooks Glycerin 19 Mens,111
176149208-2,Vans Sk8-Low,17240893-0,Brooks Glycerin 19 Mens,112
176149208-2,Vans Sk8-Low,17240893-0,Brooks Glycerin 19 Mens,113
176149208-2,Vans Sk8-Low,17240893-1,Brooks Glycerin 19 Mens,114
176149208-2,Vans Sk8-Low,17240893-1,Brooks Glycerin 19 Mens,115
176149208-2,Vans Sk8-Low,17240893-1,Brooks Glycerin 19 Mens,116
1819782413-0,Diesel TAORMINY,17240893-1,Brooks Glycerin 19 Mens,117
1819782413-0,Diesel TAORMINY,17240893-1,Brooks Glycerin 19 Mens,118
1819782413-0,Diesel TAORMINY,17240893-1,Brooks Glycerin 19 Mens,119
1819782413-0,Diesel TAORMINY,18393194-0, Brooks Ricochet 3 Womens Running Shoes,120
1819782413-0,Diesel TAORMINY,18393194-0, Brooks Ricochet 3 Womens Running Shoes,121
1819782413-0,Diesel TAORMINY,18393194-0, Brooks Ricochet 3 Womens Running Shoes,122
1819782413-0,Diesel TAORMINY,18393194-0, Brooks Ricochet 3 Womens Running Shoes,123
18672603-1,New Balance M990 Trainers,18393194-0, Brooks Ricochet 3 Womens Running Shoes,124
18672603-1,New Balance M990 Trainers,18393194-0, Brooks Ricochet 3 Womens Running Shoes,125
18672603-1,New Balance M990 Trainers,1910920443-2,JB Martin WILO,126
18672603-1,New Balance M990 Trainers,1910920443-2,JB Martin WILO,127
18672603-1,New Balance M990 Trainers,1910920443-2,JB Martin WILO,128
18672603-1,New Balance M990 Trainers,1910920443-2,JB Martin WILO,129
18672603-1,New Balance M990 Trainers,1910920443-2,JB Martin WILO,130
18672603-1,New Balance M990 Trainers,1910920443-2,JB Martin WILO,131
18672603-1,New Balance M990 Trainers,1988744982-1, Brooks Adrenaline GTS 21,132
1927381914-0,Givenchy Urban Street Low Logo Sneaker,1988744982-1, Brooks Adrenaline GTS 21,133
1927381914-0,Givenchy Urban Street Low Logo Sneaker,1988744982-1, Brooks Adrenaline GTS 21,134
1927381914-0,Givenchy Urban Street Low Logo Sneaker,1988744982-1, Brooks Adrenaline GTS 21,135
1927381914-0,Givenchy Urban Street Low Logo Sneaker,1988744982-1, Brooks Adrenaline GTS 21,136
1927381914-0,Givenchy Urban Street Low Logo Sneaker,1988744982-1, Brooks Adrenaline GTS 21,137
1927381914-0,Givenchy Urban Street Low Logo Sneaker,20047004-0,Brooks Addiction 14 Womens ,138
20920479-0, Hi-Tec V-Lite Velocity Low Waterproof Walking Shoes- AW20,20047004-0,Brooks Addiction 14 Womens ,139
20920479-0, Hi-Tec V-Lite Velocity Low Waterproof Walking Shoes- AW20,20047004-0,Brooks Addiction 14 Womens ,140
20920479-0, Hi-Tec V-Lite Velocity Low Waterproof Walking Shoes- AW20,20047004-0,Brooks Addiction 14 Womens ,141
20920479-0, Hi-Tec V-Lite Velocity Low Waterproof Walking Shoes- AW20,20047004-0,Brooks Addiction 14 Womens ,142
20920479-0, Hi-Tec V-Lite Velocity Low Waterproof Walking Shoes- AW20,20047004-0,Brooks Addiction 14 Womens ,143
20920479-0, Hi-Tec V-Lite Velocity Low Waterproof Walking Shoes- AW20,2189674532-0,Brooks Revel 4 Running Shoes,144
217569142-0,DC Shoes Blue Syntax Shoe,2189674532-0,Brooks Revel 4 Running Shoes,145
217569142-0,DC Shoes Blue Syntax Shoe,2189674532-0,Brooks Revel 4 Running Shoes,146
217569142-0,DC Shoes Blue Syntax Shoe,2189674532-0,Brooks Revel 4 Running Shoes,147
217569142-0,DC Shoes Blue Syntax Shoe,2189674532-0,Brooks Revel 4 Running Shoes,148
217569142-0,DC Shoes Blue Syntax Shoe,2189674532-0,Brooks Revel 4 Running Shoes,149
217569142-0,DC Shoes Blue Syntax Shoe,2189674532-1,Brooks Revel 4 Running Shoes,150
217569142-0,DC Shoes Blue Syntax Shoe,2189674532-1,Brooks Revel 4 Running Shoes,151
217569142-0,DC Shoes Blue Syntax Shoe,2189674532-1,Brooks Revel 4 Running Shoes,152
22580691-0,Vans Authentic Trainers,2189674532-1,Brooks Revel 4 Running Shoes,153
22580691-0,Vans Authentic Trainers,2189674532-1,Brooks Revel 4 Running Shoes,154
22580691-0,Vans Authentic Trainers,2189674532-2,Brooks Revel 4 Running Shoes,155
22580691-0,Vans Authentic Trainers,2189674532-2,Brooks Revel 4 Running Shoes,156
22580691-0,Vans Authentic Trainers,2189674532-2,Brooks Revel 4 Running Shoes,157
22580691-0,Vans Authentic Trainers,2189674532-2,Brooks Revel 4 Running Shoes,158
22580691-0,Vans Authentic Trainers,2189674532-2,Brooks Revel 4 Running Shoes,159
22580691-0,Vans Authentic Trainers,2198679098-8,Onitsuka Tiger MEXICO 66,160
22580691-0,Vans Authentic Trainers,2198679098-8,Onitsuka Tiger MEXICO 66,161
22627665-1,Rick Owens Rick Owens Veja Sock Runners,2198679098-8,Onitsuka Tiger MEXICO 66,162
22627665-1,Rick Owens Rick Owens Veja Sock Runners,2198679098-8,Onitsuka Tiger MEXICO 66,163
22627665-1,Rick Owens Rick Owens Veja Sock Runners,2198679098-8,Onitsuka Tiger MEXICO 66,164
22627665-1,Rick Owens Rick Owens Veja Sock Runners,2198679098-8,Onitsuka Tiger MEXICO 66,165
22627665-1,Rick Owens Rick Owens Veja Sock Runners,2198679098-8,Onitsuka Tiger MEXICO 66,166
22627665-1,Rick Owens Rick Owens Veja Sock Runners,22303331-0,Brooks Beast '20,167
22627665-1,Rick Owens Rick Owens Veja Sock Runners,22303331-0,Brooks Beast '20,168
22627665-1,Rick Owens Rick Owens Veja Sock Runners,22303331-0,Brooks Beast '20,169
22627665-1,Rick Owens Rick Owens Veja Sock Runners,22303331-0,Brooks Beast '20,170
2340249395-0,Nike Canyon Slide,22303331-0,Brooks Beast '20,171
2340249395-0,Nike Canyon Slide,22303331-0,Brooks Beast '20,172
2340249395-0,Nike Canyon Slide,226512912-0,Ash FOOL,173
2340249395-0,Nike Canyon Slide,226512912-0,Ash FOOL,174
2340249395-0,Nike Canyon Slide,226512912-0,Ash FOOL,175
2340249395-0,Nike Canyon Slide,226512912-0,Ash FOOL,176
2523309334-0, Altra Kayenta,226512912-0,Ash FOOL,177
2523309334-0, Altra Kayenta,226512912-0,Ash FOOL,178
2523309334-0, Altra Kayenta,226512912-0,Ash FOOL,179
2523309334-0, Altra Kayenta,2292350663-0,Brooks Levitate 4 Running Shoes,180
2657430578-0, Reebok Astroride Trail Goretex 2.0,2292350663-0,Brooks Levitate 4 Running Shoes,181
2657430578-0, Reebok Astroride Trail Goretex 2.0,2292350663-0,Brooks Levitate 4 Running Shoes,182
2657430578-0, Reebok Astroride Trail Goretex 2.0,2292350663-1,Brooks Levitate 4 Running Shoes,183
2657430578-0, Reebok Astroride Trail Goretex 2.0,2292350663-1,Brooks Levitate 4 Running Shoes,184
2657430578-0, Reebok Astroride Trail Goretex 2.0,2292350663-1,Brooks Levitate 4 Running Shoes,185
2657430578-0, Reebok Astroride Trail Goretex 2.0,2292350663-1,Brooks Levitate 4 Running Shoes,186
2657430578-0, Reebok Astroride Trail Goretex 2.0,2292350663-1,Brooks Levitate 4 Running Shoes,187
27378796-0,Nike Air Max LTD 3 Men's Shoe,2292350663-1,Brooks Levitate 4 Running Shoes,188
27378796-0,Nike Air Max LTD 3 Men's Shoe,23226080-3,MICHAEL Michael Kors - KEATING,189
27378796-0,Nike Air Max LTD 3 Men's Shoe,23226080-3,MICHAEL Michael Kors - KEATING,190
27378796-0,Nike Air Max LTD 3 Men's Shoe,23226080-3,MICHAEL Michael Kors - KEATING,191
27378796-0,Nike Air Max LTD 3 Men's Shoe,23226080-3,MICHAEL Michael Kors - KEATING,192
27378796-0,Nike Air Max LTD 3 Men's Shoe,23226080-3,MICHAEL Michael Kors - KEATING,193
27378796-0,Nike Air Max LTD 3 Men's Shoe,23226080-3,MICHAEL Michael Kors - KEATING,194
2788568279-0,Asics KAYANO TRAINER EVO,2468158051-0, Brooks Glycerin 19,195
2788568279-0,Asics KAYANO TRAINER EVO,2468158051-0, Brooks Glycerin 19,196
2788568279-0,Asics KAYANO TRAINER EVO,2468158051-0, Brooks Glycerin 19,197
2788568279-0,Asics KAYANO TRAINER EVO,2468158051-0, Brooks Glycerin 19,198
2788568279-0,Asics KAYANO TRAINER EVO,2468158051-0, Brooks Glycerin 19,199
2788568279-0,Asics KAYANO TRAINER EVO,2468158051-0, Brooks Glycerin 19,200
2788568279-0,Asics KAYANO TRAINER EVO,2468158051-1, Brooks Glycerin 19,201
2809077565-0,Vero Moda MANE SNEAKER,2468158051-1, Brooks Glycerin 19,202
2809077565-0,Vero Moda MANE SNEAKER,2468158051-1, Brooks Glycerin 19,203
2809077565-0,Vero Moda MANE SNEAKER,2468158051-1, Brooks Glycerin 19,204
2809077565-0,Vero Moda MANE SNEAKER,2468158051-1, Brooks Glycerin 19,205
2809077565-0,Vero Moda MANE SNEAKER,2468158051-1, Brooks Glycerin 19,206
2809077565-0,Vero Moda MANE SNEAKER,2468158051-2,Brooks Glycerin 19,207
2809077565-0,Vero Moda MANE SNEAKER,2468158051-2,Brooks Glycerin 19,208
2878058-8,Vans Old Skool Trainers,2468158051-2,Brooks Glycerin 19,209
2878058-8,Vans Old Skool Trainers,2468158051-2,Brooks Glycerin 19,210
2878058-8,Vans Old Skool Trainers,2468158051-2,Brooks Glycerin 19,211
2878058-8,Vans Old Skool Trainers,2520990689-0,Brooks Launch 8 Running Shoes,212
2878058-8,Vans Old Skool Trainers,2520990689-0,Brooks Launch 8 Running Shoes,213
2878058-8,Vans Old Skool Trainers,2520990689-0,Brooks Launch 8 Running Shoes,214
2878058-8,Vans Old Skool Trainers,2520990689-0,Brooks Launch 8 Running Shoes,215
2878058-8,Vans Old Skool Trainers,2520990689-0,Brooks Launch 8 Running Shoes,216
2878058-8,Vans Old Skool Trainers,2520990689-0,Brooks Launch 8 Running Shoes,217
2901359510-0, Asics Gel Nimbus 22 Knit,2520990689-1,Brooks Launch 8 Running Shoes,218
2901359510-0, Asics Gel Nimbus 22 Knit,2520990689-1,Brooks Launch 8 Running Shoes,219
2901359510-0, Asics Gel Nimbus 22 Knit,2520990689-1,Brooks Launch 8 Running Shoes,220
2901359510-0, Asics Gel Nimbus 22 Knit,2520990689-1,Brooks Launch 8 Running Shoes,221
2901359510-0, Asics Gel Nimbus 22 Knit,2520990689-1,Brooks Launch 8 Running Shoes,222
2901359510-0, Asics Gel Nimbus 22 Knit,2520990689-1,Brooks Launch 8 Running Shoes,223
2901359510-0, Asics Gel Nimbus 22 Knit,2553348554-0, Brooks Trace,224
30062239-0,Brooks Divide 2,2553348554-0, Brooks Trace,225
30062239-0,Brooks Divide 2,2553348554-0, Brooks Trace,226
30062239-0,Brooks Divide 2,2553348554-0, Brooks Trace,227
30062239-0,Brooks Divide 2,2553348554-0, Brooks Trace,228
30062239-0,Brooks Divide 2,2553348554-0, Brooks Trace,229
30062239-0,Brooks Divide 2,26380991-2,Vans Sk8 Hi Trainers,230
3027993074-0, Saucony Xodus 10,26380991-2,Vans Sk8 Hi Trainers,231
3027993074-0, Saucony Xodus 10,26380991-2,Vans Sk8 Hi Trainers,232
3027993074-0, Saucony Xodus 10,26380991-2,Vans Sk8 Hi Trainers,233
3027993074-0, Saucony Xodus 10,26380991-2,Vans Sk8 Hi Trainers,234
3027993074-0, Saucony Xodus 10,26380991-2,Vans Sk8 Hi Trainers,235
3036188223-3,Nike Blazer Mid '77,26380991-2,Vans Sk8 Hi Trainers,236
3036188223-3,Nike Blazer Mid '77,26380991-2,Vans Sk8 Hi Trainers,237
3036188223-3,Nike Blazer Mid '77,26380991-2,Vans Sk8 Hi Trainers,238
3036188223-3,Nike Blazer Mid '77,2709771478-2,Brooks Dyad 11,239
3036188223-3,Nike Blazer Mid '77,2709771478-2,Brooks Dyad 11,240
3036188223-3,Nike Blazer Mid '77,2709771478-2,Brooks Dyad 11,241
3036188223-3,Nike Blazer Mid '77,2709771478-2,Brooks Dyad 11,242
3036188223-3,Nike Blazer Mid '77,2709771478-2,Brooks Dyad 11,243
31052811-4,Reebok Reebok HIIT Shoes Mens,2746693578-0, Brooks Levitate 4,244
31052811-4,Reebok Reebok HIIT Shoes Mens,2746693578-0, Brooks Levitate 4,245
31052811-4,Reebok Reebok HIIT Shoes Mens,2746693578-0, Brooks Levitate 4,246
31052811-4,Reebok Reebok HIIT Shoes Mens,2746693578-0, Brooks Levitate 4,247
31052811-4,Reebok Reebok HIIT Shoes Mens,2746693578-0, Brooks Levitate 4,248
31052811-4,Reebok Reebok HIIT Shoes Mens,2746693578-0, Brooks Levitate 4,249
31052811-4,Reebok Reebok HIIT Shoes Mens,2746693578-2,Brooks Levitate 4,250
31052811-4,Reebok Reebok HIIT Shoes Mens,2746693578-2,Brooks Levitate 4,251
31052811-4,Reebok Reebok HIIT Shoes Mens,2746693578-2,Brooks Levitate 4,252
31728985-0,Brooks Hyperion Tempo Womens,2746693578-2,Brooks Levitate 4,253
31728985-0,Brooks Hyperion Tempo Womens,2756454732-0,Lollipops ARTY SNEAKERS,254
31728985-0,Brooks Hyperion Tempo Womens,2756454732-0,Lollipops ARTY SNEAKERS,255
31728985-0,Brooks Hyperion Tempo Womens,2756454732-0,Lollipops ARTY SNEAKERS,256
31728985-0,Brooks Hyperion Tempo Womens,2756454732-0,Lollipops ARTY SNEAKERS,257
31728985-0,Brooks Hyperion Tempo Womens,2756454732-0,Lollipops ARTY SNEAKERS,258
3255785231-0, Joma Viper Les 20 Km De Paris,2756454732-0,Lollipops ARTY SNEAKERS,259
3255785231-0, Joma Viper Les 20 Km De Paris,2756454732-0,Lollipops ARTY SNEAKERS,260
3255785231-0, Joma Viper Les 20 Km De Paris,2778414517-0,TBS TORRENS,261
3255785231-0, Joma Viper Les 20 Km De Paris,2778414517-0,TBS TORRENS,262
3255785231-0, Joma Viper Les 20 Km De Paris,2778414517-0,TBS TORRENS,263
32925679-1,Brooks Addiction 14,2778414517-0,TBS TORRENS,264
32925679-1,Brooks Addiction 14,2778414517-0,TBS TORRENS,265
32925679-1,Brooks Addiction 14,2778414517-0,TBS TORRENS,266
32925679-1,Brooks Addiction 14,2778414517-0,TBS TORRENS,267
32925679-1,Brooks Addiction 14,2814137148-0,Brooks Divide 2 Trail Running Shoes,268
32925679-1,Brooks Addiction 14,2814137148-0,Brooks Divide 2 Trail Running Shoes,269
330036-0,Brooks Adrenaline GTS 21,2814137148-0,Brooks Divide 2 Trail Running Shoes,270
330036-0,Brooks Adrenaline GTS 21,2814137148-0,Brooks Divide 2 Trail Running Shoes,271
330036-0,Brooks Adrenaline GTS 21,2814137148-0,Brooks Divide 2 Trail Running Shoes,272
330036-0,Brooks Adrenaline GTS 21,2814137148-0,Brooks Divide 2 Trail Running Shoes,273
330036-0,Brooks Adrenaline GTS 21,2833629567-0,adidas Ultraboost 21 Primeblue Running Shoes,274
330036-0,Brooks Adrenaline GTS 21,2833629567-0,adidas Ultraboost 21 Primeblue Running Shoes,275
3523525326-3,Nike Mercurial Vapor 14 Elite AG,2833629567-0,adidas Ultraboost 21 Primeblue Running Shoes,276
3523525326-3,Nike Mercurial Vapor 14 Elite AG,2833629567-0,adidas Ultraboost 21 Primeblue Running Shoes,277
3523525326-3,Nike Mercurial Vapor 14 Elite AG,2833629567-0,adidas Ultraboost 21 Primeblue Running Shoes,278
3523525326-3,Nike Mercurial Vapor 14 Elite AG,2833629567-0,adidas Ultraboost 21 Primeblue Running Shoes,279
3523525326-3,Nike Mercurial Vapor 14 Elite AG,28379822-0, ASICS Court Speed FF Court Shoes - SS20,280
3523525326-3,Nike Mercurial Vapor 14 Elite AG,28379822-0, ASICS Court Speed FF Court Shoes - SS20,281
3523525326-3,Nike Mercurial Vapor 14 Elite AG,28379822-0, ASICS Court Speed FF Court Shoes - SS20,282
3523525326-3,Nike Mercurial Vapor 14 Elite AG,28379822-0, ASICS Court Speed FF Court Shoes - SS20,283
3523525326-3,Nike Mercurial Vapor 14 Elite AG,28379822-0, ASICS Court Speed FF Court Shoes - SS20,284
3523525326-3,Nike Mercurial Vapor 14 Elite AG,28379822-0, ASICS Court Speed FF Court Shoes - SS20,285
35772906-0,Jordan Air Jordan 1 Low,28388155-3, Nike Air Zoom Pegasus 37 Womens Running Shoes - FA20,286
35772906-0,Jordan Air Jordan 1 Low,28388155-3, Nike Air Zoom Pegasus 37 Womens Running Shoes - FA20,287
35772906-0,Jordan Air Jordan 1 Low,28388155-3, Nike Air Zoom Pegasus 37 Womens Running Shoes - FA20,288
35772906-0,Jordan Air Jordan 1 Low,28388155-3, Nike Air Zoom Pegasus 37 Womens Running Shoes - FA20,289
35772906-0,Jordan Air Jordan 1 Low,28388155-3, Nike Air Zoom Pegasus 37 Womens Running Shoes - FA20,290
35772906-0,Jordan Air Jordan 1 Low,28388155-3, Nike Air Zoom Pegasus 37 Womens Running Shoes - FA20,291
35772906-0,Jordan Air Jordan 1 Low,28388155-3, Nike Air Zoom Pegasus 37 Womens Running Shoes - FA20,292
35772906-0,Jordan Air Jordan 1 Low,28388155-3, Nike Air Zoom Pegasus 37 Womens Running Shoes - FA20,293
35772906-0,Jordan Air Jordan 1 Low,2881095237-1,Nike Canyon,294
35772906-0,Jordan Air Jordan 1 Low,2881095237-1,Nike Canyon,295
3634858-1,Brooks Addiction Walker 2,2881095237-1,Nike Canyon,296
3634858-1,Brooks Addiction Walker 2,2881095237-1,Nike Canyon,297
3634858-1,Brooks Addiction Walker 2,2881095237-1,Nike Canyon,298
3634858-1,Brooks Addiction Walker 2,2881095237-1,Nike Canyon,299
3634858-1,Brooks Addiction Walker 2,2881095237-1,Nike Canyon,300
3634858-1,Brooks Addiction Walker 2,2881095237-1,Nike Canyon,301
36368515-0,Mustang - GALLEGO,2995960201-0,Brooks Ghost 13 Estrecho Trail Running Shoes,302
36368515-0,Mustang - GALLEGO,2995960201-0,Brooks Ghost 13 Estrecho Trail Running Shoes,303
36368515-0,Mustang - GALLEGO,2995960201-0,Brooks Ghost 13 Estrecho Trail Running Shoes,304
36368515-0,Mustang - GALLEGO,2995960201-0,Brooks Ghost 13 Estrecho Trail Running Shoes,305
36368515-0,Mustang - GALLEGO,2995960201-0,Brooks Ghost 13 Estrecho Trail Running Shoes,306
36368515-0,Mustang - GALLEGO,2995960201-0,Brooks Ghost 13 Estrecho Trail Running Shoes,307
36368515-0,Mustang - GALLEGO,2996455905-0,Crocs M7 Literide Pacer,308
36941348-0,Tommy Hilfiger Jaz Velcro Flag Trainers,2996455905-0,Crocs M7 Literide Pacer,309
36941348-0,Tommy Hilfiger Jaz Velcro Flag Trainers,2996455905-0,Crocs M7 Literide Pacer,310
36941348-0,Tommy Hilfiger Jaz Velcro Flag Trainers,2996455905-0,Crocs M7 Literide Pacer,311
36941348-0,Tommy Hilfiger Jaz Velcro Flag Trainers,3058999489-2,Adidas Handball SPZL,312
36941348-0,Tommy Hilfiger Jaz Velcro Flag Trainers,3058999489-2,Adidas Handball SPZL,313
36941348-0,Tommy Hilfiger Jaz Velcro Flag Trainers,3058999489-2,Adidas Handball SPZL,314
36941348-0,Tommy Hilfiger Jaz Velcro Flag Trainers,3058999489-2,Adidas Handball SPZL,315
36941348-0,Tommy Hilfiger Jaz Velcro Flag Trainers,3058999489-2,Adidas Handball SPZL,316
36941348-0,Tommy Hilfiger Jaz Velcro Flag Trainers,3058999489-2,Adidas Handball SPZL,317
3738742663-0,Rick Owens Geobasket Sneaker,3171757431-0, Reebok Royal Complete Sport,318
3738742663-0,Rick Owens Geobasket Sneaker,3171757431-0, Reebok Royal Complete Sport,319
3738742663-0,Rick Owens Geobasket Sneaker,3171757431-0, Reebok Royal Complete Sport,320
3738742663-0,Rick Owens Geobasket Sneaker,3171757431-0, Reebok Royal Complete Sport,321
3738742663-0,Rick Owens Geobasket Sneaker,3171757431-0, Reebok Royal Complete Sport,322
3738742663-0,Rick Owens Geobasket Sneaker,3171757431-0, Reebok Royal Complete Sport,323
38017705-0,Fila Fila Heroics,3171757431-0, Reebok Royal Complete Sport,324
38017705-0,Fila Fila Heroics,3171757431-0, Reebok Royal Complete Sport,325
38017705-0,Fila Fila Heroics,3214549405-1,Merrell Fiery Goretex,326
38017705-0,Fila Fila Heroics,3214549405-1,Merrell Fiery Goretex,327
38017705-0,Fila Fila Heroics,3214549405-1,Merrell Fiery Goretex,328
38017705-0,Fila Fila Heroics,3214549405-1,Merrell Fiery Goretex,329
38017705-0,Fila Fila Heroics,3214549405-1,Merrell Fiery Goretex,330
38017705-0,Fila Fila Heroics,3214549405-1,Merrell Fiery Goretex,331
38017705-0,Fila Fila Heroics,3214549405-1,Merrell Fiery Goretex,332
38017705-0,Fila Fila Heroics,3214549405-1,Merrell Fiery Goretex,333
38017705-0,Fila Fila Heroics,3214549405-1,Merrell Fiery Goretex,334
38017705-0,Fila Fila Heroics,3214549405-1,Merrell Fiery Goretex,335
3821328-1,Brooks Glycerin 19,32215863-0,Brooks Glycerin 19 Womens,336
3821328-1,Brooks Glycerin 19,32215863-0,Brooks Glycerin 19 Womens,337
3821328-1,Brooks Glycerin 19,32215863-0,Brooks Glycerin 19 Womens,338
3821328-1,Brooks Glycerin 19,32215863-0,Brooks Glycerin 19 Womens,339
3821328-1,Brooks Glycerin 19,32215863-0,Brooks Glycerin 19 Womens,340
3821328-1,Brooks Glycerin 19,32215863-0,Brooks Glycerin 19 Womens,341
3821328-2,Brooks Glycerin 19,3246205859-0, Brooks Ghost 13 Wide 2E,342
3821328-2,Brooks Glycerin 19,3246205859-0, Brooks Ghost 13 Wide 2E,343
3821328-2,Brooks Glycerin 19,3246205859-0, Brooks Ghost 13 Wide 2E,344
3821328-2,Brooks Glycerin 19,3246205859-0, Brooks Ghost 13 Wide 2E,345
3821328-2,Brooks Glycerin 19,3246205859-0, Brooks Ghost 13 Wide 2E,346
3821328-2,Brooks Glycerin 19,3246205859-0, Brooks Ghost 13 Wide 2E,347
38432847-1, Nike Air Zoom Tempo NEXT% Running Shoes - FA20,3254468229-0, Brooks Revel 4,348
38432847-1, Nike Air Zoom Tempo NEXT% Running Shoes - FA20,3254468229-0, Brooks Revel 4,349
38432847-1, Nike Air Zoom Tempo NEXT% Running Shoes - FA20,3254468229-0, Brooks Revel 4,350
38432847-1, Nike Air Zoom Tempo NEXT% Running Shoes - FA20,3254468229-0, Brooks Revel 4,351
38432847-1, Nike Air Zoom Tempo NEXT% Running Shoes - FA20,3254468229-0, Brooks Revel 4,352
38432847-1, Nike Air Zoom Tempo NEXT% Running Shoes - FA20,3254468229-0, Brooks Revel 4,353
38432847-1, Nike Air Zoom Tempo NEXT% Running Shoes - FA20,3254468229-1, Brooks Revel 4,354
38432847-1, Nike Air Zoom Tempo NEXT% Running Shoes - FA20,3254468229-1, Brooks Revel 4,355
39145729-0,Slazenger Warrior Mens Trainers,3254468229-1, Brooks Revel 4,356
39145729-0,Slazenger Warrior Mens Trainers,3254468229-1, Brooks Revel 4,357
39145729-0,Slazenger Warrior Mens Trainers,3254468229-1, Brooks Revel 4,358
39145729-0,Slazenger Warrior Mens Trainers,3254468229-1, Brooks Revel 4,359
39145729-0,Slazenger Warrior Mens Trainers,3254468229-2,Brooks Revel 4,360
39145729-0,Slazenger Warrior Mens Trainers,3254468229-2,Brooks Revel 4,361
39531486-1,adidas Originals UPath Run Trainer,3254468229-2,Brooks Revel 4,362
39531486-1,adidas Originals UPath Run Trainer,3254468229-2,Brooks Revel 4,363
39531486-1,adidas Originals UPath Run Trainer,3254468229-2,Brooks Revel 4,364
39531486-1,adidas Originals UPath Run Trainer,3254468229-2,Brooks Revel 4,365
39531486-1,adidas Originals UPath Run Trainer,3332529665-1,Nike Victori One,366
39531486-1,adidas Originals UPath Run Trainer,3332529665-1,Nike Victori One,367
40520750-2,Brooks Ghost 13 Womens ,3332529665-1,Nike Victori One,368
40520750-2,Brooks Ghost 13 Womens ,3332529665-1,Nike Victori One,369
40520750-2,Brooks Ghost 13 Womens ,3332529665-1,Nike Victori One,370
40520750-2,Brooks Ghost 13 Womens ,3367095846-1,Nike React Miler Running Shoes,371
40520750-2,Brooks Ghost 13 Womens ,3367095846-1,Nike React Miler Running Shoes,372
40520750-2,Brooks Ghost 13 Womens ,3367095846-1,Nike React Miler Running Shoes,373
4104591-0,Brooks Launch 8,3367095846-1,Nike React Miler Running Shoes,374
4104591-0,Brooks Launch 8,3367095846-1,Nike React Miler Running Shoes,375
4104591-0,Brooks Launch 8,3367095846-1,Nike React Miler Running Shoes,376
4104591-0,Brooks Launch 8,33902758-1,Puma Cali Star Trainers,377
4104591-0,Brooks Launch 8,33902758-1,Puma Cali Star Trainers,378
4104591-0,Brooks Launch 8,33902758-1,Puma Cali Star Trainers,379
4104591-3,Brooks Launch 8,33902758-1,Puma Cali Star Trainers,380
4104591-3,Brooks Launch 8,33902758-1,Puma Cali Star Trainers,381
4104591-3,Brooks Launch 8,33902758-1,Puma Cali Star Trainers,382
4104591-3,Brooks Launch 8,33902758-1,Puma Cali Star Trainers,383
4104591-3,Brooks Launch 8,33902758-1,Puma Cali Star Trainers,384
4104591-3,Brooks Launch 8,33902758-1,Puma Cali Star Trainers,385
41051830-0, Five Ten Niad Lace Climbing Shoes - SS21,3451523672-0, Brooks Ghost 13 Narrow,386
41051830-0, Five Ten Niad Lace Climbing Shoes - SS21,3451523672-0, Brooks Ghost 13 Narrow,387
41051830-0, Five Ten Niad Lace Climbing Shoes - SS21,3451523672-0, Brooks Ghost 13 Narrow,388
41051830-0, Five Ten Niad Lace Climbing Shoes - SS21,3451523672-0, Brooks Ghost 13 Narrow,389
41051830-0, Five Ten Niad Lace Climbing Shoes - SS21,3451523672-0, Brooks Ghost 13 Narrow,390
41051830-0, Five Ten Niad Lace Climbing Shoes - SS21,3451523672-0, Brooks Ghost 13 Narrow,391
41051830-0, Five Ten Niad Lace Climbing Shoes - SS21,34838520-0,Nike Renew Retaliation TR Men's Training Shoe,392
41051830-0, Five Ten Niad Lace Climbing Shoes - SS21,34838520-0,Nike Renew Retaliation TR Men's Training Shoe,393
4217405097-0,Pepe jeans X20 BASIC,34838520-0,Nike Renew Retaliation TR Men's Training Shoe,394
4217405097-0,Pepe jeans X20 BASIC,34838520-0,Nike Renew Retaliation TR Men's Training Shoe,395
4217405097-0,Pepe jeans X20 BASIC,34838520-0,Nike Renew Retaliation TR Men's Training Shoe,396
4217405097-0,Pepe jeans X20 BASIC,35381594-0,Office Faithful Lace Up Runners,397
4217405097-0,Pepe jeans X20 BASIC,35381594-0,Office Faithful Lace Up Runners,398
4217405097-0,Pepe jeans X20 BASIC,35381594-0,Office Faithful Lace Up Runners,399
4217405097-0,Pepe jeans X20 BASIC,35381594-0,Office Faithful Lace Up Runners,400
42222680-0,Geox - JAYSEN A,35381594-0,Office Faithful Lace Up Runners,401
42222680-0,Geox - JAYSEN A,35381594-0,Office Faithful Lace Up Runners,402
42222680-0,Geox - JAYSEN A,35381594-0,Office Faithful Lace Up Runners,403
42222680-0,Geox - JAYSEN A,35381594-0,Office Faithful Lace Up Runners,404
42222680-0,Geox - JAYSEN A,35381594-0,Office Faithful Lace Up Runners,405
42222680-0,Geox - JAYSEN A,35697689-0,Office Fancier Embellished Lace Up Trainers,406
42222680-0,Geox - JAYSEN A,35697689-0,Office Fancier Embellished Lace Up Trainers,407
42222680-0,Geox - JAYSEN A,35697689-0,Office Fancier Embellished Lace Up Trainers,408
4413784834-0,Converse CHUCK TAYLOR ALL STAR CANVAS BRODERIE OX,35697689-0,Office Fancier Embellished Lace Up Trainers,409
4413784834-0,Converse CHUCK TAYLOR ALL STAR CANVAS BRODERIE OX,35697689-0,Office Fancier Embellished Lace Up Trainers,410
4413784834-0,Converse CHUCK TAYLOR ALL STAR CANVAS BRODERIE OX,35697689-0,Office Fancier Embellished Lace Up Trainers,411
4413784834-0,Converse CHUCK TAYLOR ALL STAR CANVAS BRODERIE OX,35697689-0,Office Fancier Embellished Lace Up Trainers,412
4413784834-0,Converse CHUCK TAYLOR ALL STAR CANVAS BRODERIE OX,35697689-0,Office Fancier Embellished Lace Up Trainers,413
4413784834-0,Converse CHUCK TAYLOR ALL STAR CANVAS BRODERIE OX,35697689-0,Office Fancier Embellished Lace Up Trainers,414
4413784834-0,Converse CHUCK TAYLOR ALL STAR CANVAS BRODERIE OX,36030510-0,Brooks Launch 8 Running Shoes,415
44974571-1,DC Shoes - HYDE,36030510-0,Brooks Launch 8 Running Shoes,416
44974571-1,DC Shoes - HYDE,36030510-0,Brooks Launch 8 Running Shoes,417
44974571-1,DC Shoes - HYDE,36030510-0,Brooks Launch 8 Running Shoes,418
44974571-1,DC Shoes - HYDE,36030510-0,Brooks Launch 8 Running Shoes,419
44974571-1,DC Shoes - HYDE,36030510-0,Brooks Launch 8 Running Shoes,420
44974571-1,DC Shoes - HYDE,3611700121-0, Brooks Divide 2,421
44974571-1,DC Shoes - HYDE,3611700121-0, Brooks Divide 2,422
46211237-0,Office Cooper Trainers,3611700121-0, Brooks Divide 2,423
46211237-0,Office Cooper Trainers,3611700121-0, Brooks Divide 2,424
46211237-0,Office Cooper Trainers,3611700121-0, Brooks Divide 2,425
46211237-0,Office Cooper Trainers,3611700121-0, Brooks Divide 2,426
46211237-0,Office Cooper Trainers,39071607-1,Brooks Addiction Walker 2 Mens ,427
46211237-0,Office Cooper Trainers,39071607-1,Brooks Addiction Walker 2 Mens ,428
46211237-0,Office Cooper Trainers,39071607-1,Brooks Addiction Walker 2 Mens ,429
46211237-0,Office Cooper Trainers,39071607-1,Brooks Addiction Walker 2 Mens ,430
46211237-0,Office Cooper Trainers,39071607-1,Brooks Addiction Walker 2 Mens ,431
46211237-0,Office Cooper Trainers,39071607-1,Brooks Addiction Walker 2 Mens ,432
46211237-0,Office Cooper Trainers,39203601-0, Brooks Wire v6 Mens Racing Spikes,433
47015602-0,Brooks Dyad 11,39203601-0, Brooks Wire v6 Mens Racing Spikes,434
47015602-0,Brooks Dyad 11,39203601-0, Brooks Wire v6 Mens Racing Spikes,435
47015602-0,Brooks Dyad 11,39203601-0, Brooks Wire v6 Mens Racing Spikes,436
47015602-0,Brooks Dyad 11,39203601-0, Brooks Wire v6 Mens Racing Spikes,437
47015602-0,Brooks Dyad 11,39203601-0, Brooks Wire v6 Mens Racing Spikes,438
47015602-0,Brooks Dyad 11,3958485215-0,Brooks Trace Running Shoes,439
47015602-1,Brooks Dyad 11,3958485215-0,Brooks Trace Running Shoes,440
47015602-1,Brooks Dyad 11,3958485215-0,Brooks Trace Running Shoes,441
47015602-1,Brooks Dyad 11,3958485215-0,Brooks Trace Running Shoes,442
47015602-1,Brooks Dyad 11,3958485215-0,Brooks Trace Running Shoes,443
47015602-1,Brooks Dyad 11,3958485215-0,Brooks Trace Running Shoes,444
47015602-1,Brooks Dyad 11,39697094-0,Nike - COURT LEGACY,445
4764961239-0, Asics GlideRide 2,39697094-0,Nike - COURT LEGACY,446
4764961239-0, Asics GlideRide 2,39697094-0,Nike - COURT LEGACY,447
4764961239-0, Asics GlideRide 2,39697094-0,Nike - COURT LEGACY,448
4764961239-0, Asics GlideRide 2,39697094-0,Nike - COURT LEGACY,449
4764961239-0, Asics GlideRide 2,39697094-0,Nike - COURT LEGACY,450
4764961239-0, Asics GlideRide 2,40151073-1,adidas Terrex Two Primeblue Trail Running Shoes Unisex,451
4764961239-0, Asics GlideRide 2,40151073-1,adidas Terrex Two Primeblue Trail Running Shoes Unisex,452
48445559-3,adidas Grand Court Shoes unisex,40151073-1,adidas Terrex Two Primeblue Trail Running Shoes Unisex,453
48445559-3,adidas Grand Court Shoes unisex,40151073-1,adidas Terrex Two Primeblue Trail Running Shoes Unisex,454
48445559-3,adidas Grand Court Shoes unisex,40151073-1,adidas Terrex Two Primeblue Trail Running Shoes Unisex,455
48445559-3,adidas Grand Court Shoes unisex,40151073-1,adidas Terrex Two Primeblue Trail Running Shoes Unisex,456
48445559-3,adidas Grand Court Shoes unisex,40151073-1,adidas Terrex Two Primeblue Trail Running Shoes Unisex,457
48445559-3,adidas Grand Court Shoes unisex,4026558980-0,Steve Madden DARMA,458
48445559-3,adidas Grand Court Shoes unisex,4026558980-0,Steve Madden DARMA,459
48445559-3,adidas Grand Court Shoes unisex,4026558980-0,Steve Madden DARMA,460
4878843069-0,Clarks UN MAUI BAND,4026558980-0,Steve Madden DARMA,461
4878843069-0,Clarks UN MAUI BAND,4026558980-0,Steve Madden DARMA,462
4878843069-0,Clarks UN MAUI BAND,4026558980-0,Steve Madden DARMA,463
4878843069-0,Clarks UN MAUI BAND,4026558980-0,Steve Madden DARMA,464
4878843069-0,Clarks UN MAUI BAND,4049240401-0,Camper BILL,465
4878843069-0,Clarks UN MAUI BAND,4049240401-0,Camper BILL,466
4878843069-0,Clarks UN MAUI BAND,4049240401-0,Camper BILL,467
4878843069-0,Clarks UN MAUI BAND,4049240401-0,Camper BILL,468
49336345-10,Brooks Ghost 13,4049240401-0,Camper BILL,469
49336345-10,Brooks Ghost 13,4049240401-0,Camper BILL,470
49336345-10,Brooks Ghost 13,4049240401-0,Camper BILL,471
49336345-10,Brooks Ghost 13,40520750-0,Brooks Ghost 13 Womens ,472
49336345-10,Brooks Ghost 13,40520750-0,Brooks Ghost 13 Womens ,473
49336345-10,Brooks Ghost 13,40520750-0,Brooks Ghost 13 Womens ,474
49336345-8,Brooks Ghost 13,40520750-0,Brooks Ghost 13 Womens ,475
49336345-8,Brooks Ghost 13,40520750-0,Brooks Ghost 13 Womens ,476
49336345-8,Brooks Ghost 13,40520750-0,Brooks Ghost 13 Womens ,477
49336345-8,Brooks Ghost 13,40520750-3,Brooks Ghost 13 Womens,478
49336345-8,Brooks Ghost 13,40520750-3,Brooks Ghost 13 Womens,479
49336345-8,Brooks Ghost 13,40520750-3,Brooks Ghost 13 Womens,480
49336345-9,Brooks Ghost 13,40520750-3,Brooks Ghost 13 Womens,481
49336345-9,Brooks Ghost 13,40520750-3,Brooks Ghost 13 Womens,482
49336345-9,Brooks Ghost 13,40520750-3,Brooks Ghost 13 Womens,483
49336345-9,Brooks Ghost 13,4056076952-0, Brooks Launch 8,484
49336345-9,Brooks Ghost 13,4056076952-0, Brooks Launch 8,485
49336345-9,Brooks Ghost 13,4056076952-0, Brooks Launch 8,486
50269470-0,Brooks Ricochet 3,4056076952-0, Brooks Launch 8,487
50269470-0,Brooks Ricochet 3,4056076952-0, Brooks Launch 8,488
50269470-0,Brooks Ricochet 3,4056076952-0, Brooks Launch 8,489
50269470-0,Brooks Ricochet 3,4114829188-1,Brooks Launch GTS 8 Running Shoes,490
50269470-0,Brooks Ricochet 3,4114829188-1,Brooks Launch GTS 8 Running Shoes,491
50269470-0,Brooks Ricochet 3,4114829188-1,Brooks Launch GTS 8 Running Shoes,492
50269470-2,Brooks Ricochet 3,4114829188-1,Brooks Launch GTS 8 Running Shoes,493
50269470-2,Brooks Ricochet 3,4114829188-1,Brooks Launch GTS 8 Running Shoes,494
50269470-2,Brooks Ricochet 3,4114829188-1,Brooks Launch GTS 8 Running Shoes,495
50269470-2,Brooks Ricochet 3,43053901-0, Brooks Addiction Walker 2 Mens Road Running Shoes,496
50269470-2,Brooks Ricochet 3,43053901-0, Brooks Addiction Walker 2 Mens Road Running Shoes,497
50269470-2,Brooks Ricochet 3,43053901-0, Brooks Addiction Walker 2 Mens Road Running Shoes,498
50515247-0,Brooks Ricochet 3,43053901-0, Brooks Addiction Walker 2 Mens Road Running Shoes,499
50515247-0,Brooks Ricochet 3,43053901-0, Brooks Addiction Walker 2 Mens Road Running Shoes,500
50515247-0,Brooks Ricochet 3,43053901-0, Brooks Addiction Walker 2 Mens Road Running Shoes,501
50515247-0,Brooks Ricochet 3,43388280-0, adidas Divox 1.9S Hockey Shoes,502
50515247-0,Brooks Ricochet 3,43388280-0, adidas Divox 1.9S Hockey Shoes,503
50515247-0,Brooks Ricochet 3,43388280-0, adidas Divox 1.9S Hockey Shoes,504
5105489899-3,Nike Air Max 270 G,43388280-0, adidas Divox 1.9S Hockey Shoes,505
5105489899-3,Nike Air Max 270 G,43388280-0, adidas Divox 1.9S Hockey Shoes,506
5105489899-3,Nike Air Max 270 G,43388280-0, adidas Divox 1.9S Hockey Shoes,507
5105489899-3,Nike Air Max 270 G,43388280-0, adidas Divox 1.9S Hockey Shoes,508
5105489899-3,Nike Air Max 270 G,44316181-3,Rockport Plaint Trainers Mens,509
5105489899-3,Nike Air Max 270 G,44316181-3,Rockport Plaint Trainers Mens,510
5105489899-3,Nike Air Max 270 G,4438593281-0,Brooks Addiction 14 Running Shoes,511
5105489899-3,Nike Air Max 270 G,4438593281-0,Brooks Addiction 14 Running Shoes,512
5212288546-0, adidas Ultraboost 21 W,4438593281-0,Brooks Addiction 14 Running Shoes,513
5212288546-0, adidas Ultraboost 21 W,4438593281-0,Brooks Addiction 14 Running Shoes,514
5212288546-0, adidas Ultraboost 21 W,4438593281-0,Brooks Addiction 14 Running Shoes,515
5212288546-0, adidas Ultraboost 21 W,4438593281-0,Brooks Addiction 14 Running Shoes,516
5212288546-0, adidas Ultraboost 21 W,44550326-2,Nike Vision Low Men's Shoe,517
5212288546-0, adidas Ultraboost 21 W,44550326-2,Nike Vision Low Men's Shoe,518
5212288546-0, adidas Ultraboost 21 W,44550326-2,Nike Vision Low Men's Shoe,519
52248256-2, Mizuno Wave Inspire 16 Running Shoes - AW20,44550326-2,Nike Vision Low Men's Shoe,520
52248256-2, Mizuno Wave Inspire 16 Running Shoes - AW20,44550326-2,Nike Vision Low Men's Shoe,521
52248256-2, Mizuno Wave Inspire 16 Running Shoes - AW20,44550326-2,Nike Vision Low Men's Shoe,522
52248256-2, Mizuno Wave Inspire 16 Running Shoes - AW20,44550326-2,Nike Vision Low Men's Shoe,523
52248256-2, Mizuno Wave Inspire 16 Running Shoes - AW20,44639717-0,MICHAEL Michael Kors - IRVING LACE UP,524
5394683346-4, Puma NRGY Comet,44639717-0,MICHAEL Michael Kors - IRVING LACE UP,525
5394683346-4, Puma NRGY Comet,44639717-0,MICHAEL Michael Kors - IRVING LACE UP,526
54727815-0,Brooks Caldera 5,44639717-0,MICHAEL Michael Kors - IRVING LACE UP,527
54727815-0,Brooks Caldera 5,44639717-0,MICHAEL Michael Kors - IRVING LACE UP,528
54727815-0,Brooks Caldera 5,44639717-0,MICHAEL Michael Kors - IRVING LACE UP,529
54727815-0,Brooks Caldera 5,4501512944-0, Brooks Adrenaline GTS 21,530
54727815-0,Brooks Caldera 5,4501512944-0, Brooks Adrenaline GTS 21,531
54727815-0,Brooks Caldera 5,4501512944-0, Brooks Adrenaline GTS 21,532
5514097073-0,Fru.it 948,4501512944-0, Brooks Adrenaline GTS 21,533
5514097073-0,Fru.it 948,4501512944-0, Brooks Adrenaline GTS 21,534
5514097073-0,Fru.it 948,4501512944-0, Brooks Adrenaline GTS 21,535
5514097073-0,Fru.it 948,4501512944-1, Brooks Adrenaline GTS 21,536
5514097073-0,Fru.it 948,4501512944-1, Brooks Adrenaline GTS 21,537
5514097073-0,Fru.it 948,4501512944-1, Brooks Adrenaline GTS 21,538
5514097073-0,Fru.it 948,4501512944-1, Brooks Adrenaline GTS 21,539
5514097073-0,Fru.it 948,4501512944-1, Brooks Adrenaline GTS 21,540
5566712595-0, Vibram Fivefingers V Alpha,4501512944-1, Brooks Adrenaline GTS 21,541
5566712595-0, Vibram Fivefingers V Alpha,4501512944-2, Brooks Adrenaline GTS 21,542
5566712595-0, Vibram Fivefingers V Alpha,4501512944-2, Brooks Adrenaline GTS 21,543
5566712595-0, Vibram Fivefingers V Alpha,4501512944-2, Brooks Adrenaline GTS 21,544
5566712595-0, Vibram Fivefingers V Alpha,4501512944-2, Brooks Adrenaline GTS 21,545
56227894-0, Merrell Moab FST 2 GORE-TEX Womens Walking Boots,4501512944-2, Brooks Adrenaline GTS 21,546
56227894-0, Merrell Moab FST 2 GORE-TEX Womens Walking Boots,4501512944-2, Brooks Adrenaline GTS 21,547
56227894-0, Merrell Moab FST 2 GORE-TEX Womens Walking Boots,4501512944-3, Brooks Adrenaline GTS 21,548
56227894-0, Merrell Moab FST 2 GORE-TEX Womens Walking Boots,4501512944-3, Brooks Adrenaline GTS 21,549
5634130383-1,Adidas NMD_R1 TR GTX,4501512944-3, Brooks Adrenaline GTS 21,550
5634130383-1,Adidas NMD_R1 TR GTX,4501512944-3, Brooks Adrenaline GTS 21,551
5634130383-1,Adidas NMD_R1 TR GTX,4501512944-3, Brooks Adrenaline GTS 21,552
5634130383-1,Adidas NMD_R1 TR GTX,4501512944-3, Brooks Adrenaline GTS 21,553
5634130383-1,Adidas NMD_R1 TR GTX,4501512944-4, Brooks Adrenaline GTS 21,554
5634130383-1,Adidas NMD_R1 TR GTX,4501512944-4, Brooks Adrenaline GTS 21,555
5737847473-0,Hoka One One Clifton Suede,4501512944-4, Brooks Adrenaline GTS 21,556
5737847473-0,Hoka One One Clifton Suede,4501512944-4, Brooks Adrenaline GTS 21,557
5737847473-0,Hoka One One Clifton Suede,4501512944-4, Brooks Adrenaline GTS 21,558
5737847473-0,Hoka One One Clifton Suede,4501512944-4, Brooks Adrenaline GTS 21,559
5737847473-0,Hoka One One Clifton Suede,45210045-1,Brooks Adrenaline GTS 21 Womens ,560
5737847473-0,Hoka One One Clifton Suede,45210045-1,Brooks Adrenaline GTS 21 Womens ,561
6002992811-0,The North Face M Trail Escape Peak,45210045-1,Brooks Adrenaline GTS 21 Womens ,562
6002992811-0,The North Face M Trail Escape Peak,45210045-1,Brooks Adrenaline GTS 21 Womens ,563
6002992811-0,The North Face M Trail Escape Peak,45210045-1,Brooks Adrenaline GTS 21 Womens ,564
6002992811-0,The North Face M Trail Escape Peak,45210045-1,Brooks Adrenaline GTS 21 Womens ,565
6002992811-0,The North Face M Trail Escape Peak,45210045-2,Brooks Adrenaline GTS 21 Womens ,566
60530683-0, Nike Pegasus Trail 2 Womens Trail Running Shoes - FA20,45210045-2,Brooks Adrenaline GTS 21 Womens ,567
60530683-0, Nike Pegasus Trail 2 Womens Trail Running Shoes - FA20,45210045-2,Brooks Adrenaline GTS 21 Womens ,568
60530683-0, Nike Pegasus Trail 2 Womens Trail Running Shoes - FA20,45210045-2,Brooks Adrenaline GTS 21 Womens ,569
60530683-0, Nike Pegasus Trail 2 Womens Trail Running Shoes - FA20,45210045-2,Brooks Adrenaline GTS 21 Womens ,570
60530683-0, Nike Pegasus Trail 2 Womens Trail Running Shoes - FA20,45210045-2,Brooks Adrenaline GTS 21 Womens ,571
60530683-0, Nike Pegasus Trail 2 Womens Trail Running Shoes - FA20,45210045-3,Brooks Adrenaline GTS 21 Womens ,572
60530683-0, Nike Pegasus Trail 2 Womens Trail Running Shoes - FA20,45210045-3,Brooks Adrenaline GTS 21 Womens ,573
60530683-0, Nike Pegasus Trail 2 Womens Trail Running Shoes - FA20,45210045-3,Brooks Adrenaline GTS 21 Womens ,574
61182441-0,Brooks Trace,45210045-3,Brooks Adrenaline GTS 21 Womens ,575
61182441-0,Brooks Trace,45210045-3,Brooks Adrenaline GTS 21 Womens ,576
61182441-0,Brooks Trace,45383138-2,Veja Urca Trainers,577
61182441-0,Brooks Trace,45383138-2,Veja Urca Trainers,578
61182441-0,Brooks Trace,45383138-2,Veja Urca Trainers,579
61182441-0,Brooks Trace,45383138-2,Veja Urca Trainers,580
6129456-0,Merrell Access Flex 2 Trainers Ladies,45383138-2,Veja Urca Trainers,581
6129456-0,Merrell Access Flex 2 Trainers Ladies,45383138-2,Veja Urca Trainers,582
6129456-0,Merrell Access Flex 2 Trainers Ladies,45383138-2,Veja Urca Trainers,583
6292168129-0,New Balance 574,45383138-2,Veja Urca Trainers,584
6292168129-0,New Balance 574,4578990633-0, Brooks Glycerin 19,585
6292168129-0,New Balance 574,4578990633-0, Brooks Glycerin 19,586
6292168129-0,New Balance 574,4578990633-0, Brooks Glycerin 19,587
6292168129-0,New Balance 574,4578990633-0, Brooks Glycerin 19,588
6292168129-0,New Balance 574,4578990633-0, Brooks Glycerin 19,589
6292168129-0,New Balance 574,4578990633-0, Brooks Glycerin 19,590
6334779837-0,Love Moschino JA15043G1B,4578990633-1, Brooks Glycerin 19,591
6334779837-0,Love Moschino JA15043G1B,4578990633-1, Brooks Glycerin 19,592
6334779837-0,Love Moschino JA15043G1B,4578990633-1, Brooks Glycerin 19,593
6334779837-0,Love Moschino JA15043G1B,4578990633-1, Brooks Glycerin 19,594
6334779837-0,Love Moschino JA15043G1B,4578990633-1, Brooks Glycerin 19,595
6334779837-0,Love Moschino JA15043G1B,4578990633-1, Brooks Glycerin 19,596
6334779837-0,Love Moschino JA15043G1B,4589398593-0,André LODGE,597
6334779837-0,Love Moschino JA15043G1B,4589398593-0,André LODGE,598
63579412-1,Karrimor Hot Rock Low Mens Walking Shoes,4589398593-0,André LODGE,599
63579412-1,Karrimor Hot Rock Low Mens Walking Shoes,4589398593-0,André LODGE,600
63579412-1,Karrimor Hot Rock Low Mens Walking Shoes,4589398593-0,André LODGE,601
63579412-1,Karrimor Hot Rock Low Mens Walking Shoes,4589398593-0,André LODGE,602
63579412-1,Karrimor Hot Rock Low Mens Walking Shoes,4589398593-0,André LODGE,603
63579412-1,Karrimor Hot Rock Low Mens Walking Shoes,46306238-0,Brooks Revel 4 Womens ,604
6363347052-0, Asics Gel DS Trainer 26,46306238-0,Brooks Revel 4 Womens ,605
6363347052-0, Asics Gel DS Trainer 26,46306238-0,Brooks Revel 4 Womens ,606
6363347052-0, Asics Gel DS Trainer 26,46306238-0,Brooks Revel 4 Womens ,607
6363347052-0, Asics Gel DS Trainer 26,46306238-0,Brooks Revel 4 Womens ,608
6363347052-0, Asics Gel DS Trainer 26,46306238-0,Brooks Revel 4 Womens ,609
6363347052-0, Asics Gel DS Trainer 26,47207460-0,Nike Odyssey React 2 Shield Trainers Ladies,610
6363347052-0, Asics Gel DS Trainer 26,47207460-0,Nike Odyssey React 2 Shield Trainers Ladies,611
63645216-3, Reebok Legacy Lifter II Womens Training Shoes - SS21,47207460-0,Nike Odyssey React 2 Shield Trainers Ladies,612
63645216-3, Reebok Legacy Lifter II Womens Training Shoes - SS21,47207460-0,Nike Odyssey React 2 Shield Trainers Ladies,613
63645216-3, Reebok Legacy Lifter II Womens Training Shoes - SS21,47207460-0,Nike Odyssey React 2 Shield Trainers Ladies,614
63645216-3, Reebok Legacy Lifter II Womens Training Shoes - SS21,47718404-0, Five Ten Hiangle Pro Climbing Shoes - SS21,615
63645216-3, Reebok Legacy Lifter II Womens Training Shoes - SS21,47718404-0, Five Ten Hiangle Pro Climbing Shoes - SS21,616
6385334337-0,Adidas AS 520,47718404-0, Five Ten Hiangle Pro Climbing Shoes - SS21,617
6385334337-0,Adidas AS 520,47718404-0, Five Ten Hiangle Pro Climbing Shoes - SS21,618
6385334337-0,Adidas AS 520,47718404-0, Five Ten Hiangle Pro Climbing Shoes - SS21,619
6385334337-0,Adidas AS 520,47718404-0, Five Ten Hiangle Pro Climbing Shoes - SS21,620
6385334337-0,Adidas AS 520,47718404-0, Five Ten Hiangle Pro Climbing Shoes - SS21,621
6385408654-0,Vans Vault x Taka Hayashi UA Old Skool NS OG LX,48421012-1, Brooks Ricochet 3 Mens Road Running Shoes,622
6385408654-0,Vans Vault x Taka Hayashi UA Old Skool NS OG LX,48421012-1, Brooks Ricochet 3 Mens Road Running Shoes,623
6385408654-0,Vans Vault x Taka Hayashi UA Old Skool NS OG LX,48421012-1, Brooks Ricochet 3 Mens Road Running Shoes,624
6385408654-0,Vans Vault x Taka Hayashi UA Old Skool NS OG LX,48421012-1, Brooks Ricochet 3 Mens Road Running Shoes,625
6385408654-0,Vans Vault x Taka Hayashi UA Old Skool NS OG LX,48421012-1, Brooks Ricochet 3 Mens Road Running Shoes,626
64813914-0,Brooks Catamount,48421012-1, Brooks Ricochet 3 Mens Road Running Shoes,627
64813914-0,Brooks Catamount,48581650-1,Versace Jeans Couture - MINOTA,628
64813914-0,Brooks Catamount,48581650-1,Versace Jeans Couture - MINOTA,629
64813914-0,Brooks Catamount,48581650-1,Versace Jeans Couture - MINOTA,630
64813914-0,Brooks Catamount,48581650-1,Versace Jeans Couture - MINOTA,631
64813914-0,Brooks Catamount,48581650-1,Versace Jeans Couture - MINOTA,632
65084656-2,Vans Sk8 Low Trainers,48581650-1,Versace Jeans Couture - MINOTA,633
65084656-2,Vans Sk8 Low Trainers,4875905093-0, Brooks Addiction 14 Extra Wide,634
65084656-2,Vans Sk8 Low Trainers,4875905093-0, Brooks Addiction 14 Extra Wide,635
65084656-2,Vans Sk8 Low Trainers,4875905093-0, Brooks Addiction 14 Extra Wide,636
65084656-2,Vans Sk8 Low Trainers,4875905093-0, Brooks Addiction 14 Extra Wide,637
65084656-2,Vans Sk8 Low Trainers,4875905093-0, Brooks Addiction 14 Extra Wide,638
65084656-2,Vans Sk8 Low Trainers,4875905093-0, Brooks Addiction 14 Extra Wide,639
65084656-2,Vans Sk8 Low Trainers,50271475-1, Nike Air Zoom SuperRep Training Shoes - FA20,640
65751435-0,Brooks Addiction Walker 2,50271475-1, Nike Air Zoom SuperRep Training Shoes - FA20,641
65751435-0,Brooks Addiction Walker 2,50271475-1, Nike Air Zoom SuperRep Training Shoes - FA20,642
65751435-0,Brooks Addiction Walker 2,50271475-1, Nike Air Zoom SuperRep Training Shoes - FA20,643
65751435-0,Brooks Addiction Walker 2,50271475-1, Nike Air Zoom SuperRep Training Shoes - FA20,644
65751435-0,Brooks Addiction Walker 2,50271475-1, Nike Air Zoom SuperRep Training Shoes - FA20,645
65751435-0,Brooks Addiction Walker 2,50271475-1, Nike Air Zoom SuperRep Training Shoes - FA20,646
65751435-1,Brooks Addiction Walker 2,50271475-1, Nike Air Zoom SuperRep Training Shoes - FA20,647
65751435-1,Brooks Addiction Walker 2,51257445-0, Brooks Levitate 4 Mens Road Running Shoes,648
65751435-1,Brooks Addiction Walker 2,51257445-0, Brooks Levitate 4 Mens Road Running Shoes,649
65751435-1,Brooks Addiction Walker 2,51257445-0, Brooks Levitate 4 Mens Road Running Shoes,650
65751435-1,Brooks Addiction Walker 2,51257445-0, Brooks Levitate 4 Mens Road Running Shoes,651
65751435-1,Brooks Addiction Walker 2,51257445-0, Brooks Levitate 4 Mens Road Running Shoes,652
66242835-0,Vans Vault Og Chukka Lx Trainers,51257445-0, Brooks Levitate 4 Mens Road Running Shoes,653
66242835-0,Vans Vault Og Chukka Lx Trainers,51257445-0, Brooks Levitate 4 Mens Road Running Shoes,654
66242835-0,Vans Vault Og Chukka Lx Trainers,51520967-2,Victoria - BARCELONA LONA,655
66242835-0,Vans Vault Og Chukka Lx Trainers,51520967-2,Victoria - BARCELONA LONA,656
66242835-0,Vans Vault Og Chukka Lx Trainers,51520967-2,Victoria - BARCELONA LONA,657
66242835-0,Vans Vault Og Chukka Lx Trainers,51520967-2,Victoria - BARCELONA LONA,658
66242835-0,Vans Vault Og Chukka Lx Trainers,51520967-2,Victoria - BARCELONA LONA,659
66242835-0,Vans Vault Og Chukka Lx Trainers,51520967-2,Victoria - BARCELONA LONA,660
66242835-0,Vans Vault Og Chukka Lx Trainers,51520967-2,Victoria - BARCELONA LONA,661
66242835-0,Vans Vault Og Chukka Lx Trainers,51520967-2,Victoria - BARCELONA LONA,662
67482776-0,Brooks Hyperion Tempo,5180847860-0,Brooks Ghost 13 Narrow Running Shoes,663
67482776-0,Brooks Hyperion Tempo,5180847860-0,Brooks Ghost 13 Narrow Running Shoes,664
67482776-0,Brooks Hyperion Tempo,5180847860-0,Brooks Ghost 13 Narrow Running Shoes,665
67482776-0,Brooks Hyperion Tempo,5180847860-0,Brooks Ghost 13 Narrow Running Shoes,666
67482776-0,Brooks Hyperion Tempo,5180847860-0,Brooks Ghost 13 Narrow Running Shoes,667
67482776-0,Brooks Hyperion Tempo,5180847860-0,Brooks Ghost 13 Narrow Running Shoes,668
6816555929-0,Versace Jeans Couture Speed Trainers,5187304016-1, Brooks Addiction Walker 2,669
6816555929-0,Versace Jeans Couture Speed Trainers,5187304016-1, Brooks Addiction Walker 2,670
6816555929-0,Versace Jeans Couture Speed Trainers,5187304016-1, Brooks Addiction Walker 2,671
69287844-9,André - SPRINTER,5187304016-1, Brooks Addiction Walker 2,672
69287844-9,André - SPRINTER,5187304016-1, Brooks Addiction Walker 2,673
69287844-9,André - SPRINTER,5236667599-18,Not Available,674
69287844-9,André - SPRINTER,5236667599-18,Not Available,675
69287844-9,André - SPRINTER,5236667599-18,Not Available,676
69287844-9,André - SPRINTER,5236667599-18,Not Available,677
7106448141-0,adidas Performance RUNFALCON,5236667599-18,Not Available,678
7106448141-0,adidas Performance RUNFALCON,5236667599-18,Not Available,679
7106448141-0,adidas Performance RUNFALCON,52506774-1,Vans - ERA,680
7106448141-0,adidas Performance RUNFALCON,52506774-1,Vans - ERA,681
7106448141-0,adidas Performance RUNFALCON,52506774-1,Vans - ERA,682
7106448141-0,adidas Performance RUNFALCON,52506774-1,Vans - ERA,683
7106448141-0,adidas Performance RUNFALCON,52506774-1,Vans - ERA,684
7106448141-0,adidas Performance RUNFALCON,52506774-1,Vans - ERA,685
7130685216-0,Reebok Classic CLUB C 85 MU,53150380-5,adidas Originals - STAN SMITH,686
7130685216-0,Reebok Classic CLUB C 85 MU,53150380-5,adidas Originals - STAN SMITH,687
7130685216-0,Reebok Classic CLUB C 85 MU,53150380-5,adidas Originals - STAN SMITH,688
7130685216-0,Reebok Classic CLUB C 85 MU,53150380-5,adidas Originals - STAN SMITH,689
7130685216-0,Reebok Classic CLUB C 85 MU,53150380-5,adidas Originals - STAN SMITH,690
7130685216-0,Reebok Classic CLUB C 85 MU,53150380-5,adidas Originals - STAN SMITH,691
72505425-0,Brooks Dyad 11,5344554700-1,Teva Terra Fi 5 Universal,692
72505425-0,Brooks Dyad 11,5344554700-1,Teva Terra Fi 5 Universal,693
72505425-0,Brooks Dyad 11,5344554700-1,Teva Terra Fi 5 Universal,694
72505425-0,Brooks Dyad 11,5344554700-1,Teva Terra Fi 5 Universal,695
72505425-0,Brooks Dyad 11,5344554700-1,Teva Terra Fi 5 Universal,696
72505425-0,Brooks Dyad 11,5344554700-1,Teva Terra Fi 5 Universal,697
73784323-1,Nike Air Zoom Vapor X Men's Hard Court Tennis Shoe,53641684-0,Brooks Addiction Walker 2 Womens ,698
73784323-1,Nike Air Zoom Vapor X Men's Hard Court Tennis Shoe,53641684-0,Brooks Addiction Walker 2 Womens ,699
73784323-1,Nike Air Zoom Vapor X Men's Hard Court Tennis Shoe,53641684-0,Brooks Addiction Walker 2 Womens ,700
73784323-1,Nike Air Zoom Vapor X Men's Hard Court Tennis Shoe,53641684-0,Brooks Addiction Walker 2 Womens ,701
73784323-1,Nike Air Zoom Vapor X Men's Hard Court Tennis Shoe,53641684-0,Brooks Addiction Walker 2 Womens ,702
74083461-1,Reebok Reebok Royal Glide Mens,53641684-0,Brooks Addiction Walker 2 Womens ,703
74083461-1,Reebok Reebok Royal Glide Mens,53700472-0, Brooks Trace Mens Road Running Shoes,704
74083461-1,Reebok Reebok Royal Glide Mens,53700472-0, Brooks Trace Mens Road Running Shoes,705
74083461-1,Reebok Reebok Royal Glide Mens,53700472-0, Brooks Trace Mens Road Running Shoes,706
74083461-1,Reebok Reebok Royal Glide Mens,53700472-0, Brooks Trace Mens Road Running Shoes,707
74083461-1,Reebok Reebok Royal Glide Mens,53700472-0, Brooks Trace Mens Road Running Shoes,708
74083461-1,Reebok Reebok Royal Glide Mens,53700472-0, Brooks Trace Mens Road Running Shoes,709
74083461-1,Reebok Reebok Royal Glide Mens,5370930017-0,MICHAEL Michael Kors KINSEY,710
74204342-2,adidas Forum 84 Low Trainers,5370930017-0,MICHAEL Michael Kors KINSEY,711
74204342-2,adidas Forum 84 Low Trainers,5370930017-0,MICHAEL Michael Kors KINSEY,712
74204342-2,adidas Forum 84 Low Trainers,5370930017-0,MICHAEL Michael Kors KINSEY,713
74204342-2,adidas Forum 84 Low Trainers,5370930017-0,MICHAEL Michael Kors KINSEY,714
74204342-2,adidas Forum 84 Low Trainers,5370930017-0,MICHAEL Michael Kors KINSEY,715
74204342-2,adidas Forum 84 Low Trainers,5370930017-0,MICHAEL Michael Kors KINSEY,716
74204342-2,adidas Forum 84 Low Trainers,5370930017-0,MICHAEL Michael Kors KINSEY,717
74204342-2,adidas Forum 84 Low Trainers,54285063-0,adidas Senseboost Go Mens Boost Running Shoes,718
74204342-2,adidas Forum 84 Low Trainers,54285063-0,adidas Senseboost Go Mens Boost Running Shoes,719
74204342-2,adidas Forum 84 Low Trainers,54285063-0,adidas Senseboost Go Mens Boost Running Shoes,720
7486588721-1,New Balance Grey 574 Court Shoe,5431691443-0,Brooks Glycerin GTS 19 Running Shoes,721
7486588721-1,New Balance Grey 574 Court Shoe,5431691443-0,Brooks Glycerin GTS 19 Running Shoes,722
7486588721-1,New Balance Grey 574 Court Shoe,5431691443-0,Brooks Glycerin GTS 19 Running Shoes,723
7486588721-1,New Balance Grey 574 Court Shoe,5431691443-0,Brooks Glycerin GTS 19 Running Shoes,724
7486588721-1,New Balance Grey 574 Court Shoe,5431691443-0,Brooks Glycerin GTS 19 Running Shoes,725
7486588721-1,New Balance Grey 574 Court Shoe,5431691443-0,Brooks Glycerin GTS 19 Running Shoes,726
7486588721-1,New Balance Grey 574 Court Shoe,5431691443-1,Brooks Glycerin GTS 19 Running Shoes,727
7486588721-1,New Balance Grey 574 Court Shoe,5431691443-1,Brooks Glycerin GTS 19 Running Shoes,728
75351102-3,Brooks Ghost 13,5431691443-1,Brooks Glycerin GTS 19 Running Shoes,729
75351102-3,Brooks Ghost 13,5431691443-1,Brooks Glycerin GTS 19 Running Shoes,730
75351102-3,Brooks Ghost 13,5431691443-1,Brooks Glycerin GTS 19 Running Shoes,731
75351102-3,Brooks Ghost 13,55394107-1,Jordan Air Jordan 1 Low SE Trainer,732
75351102-3,Brooks Ghost 13,55394107-1,Jordan Air Jordan 1 Low SE Trainer,733
75351102-3,Brooks Ghost 13,55394107-1,Jordan Air Jordan 1 Low SE Trainer,734
75351102-8,Brooks Ghost 13,55394107-1,Jordan Air Jordan 1 Low SE Trainer,735
75351102-8,Brooks Ghost 13,55394107-1,Jordan Air Jordan 1 Low SE Trainer,736
75351102-8,Brooks Ghost 13,55394107-1,Jordan Air Jordan 1 Low SE Trainer,737
75351102-8,Brooks Ghost 13,55414303-0, Nike Air Zoom Vomero 15 Running Shoes - SU21,738
75351102-8,Brooks Ghost 13,55414303-0, Nike Air Zoom Vomero 15 Running Shoes - SU21,739
75351102-8,Brooks Ghost 13,55414303-0, Nike Air Zoom Vomero 15 Running Shoes - SU21,740
75351102-9,Brooks Ghost 13,55414303-0, Nike Air Zoom Vomero 15 Running Shoes - SU21,741
75351102-9,Brooks Ghost 13,55414303-0, Nike Air Zoom Vomero 15 Running Shoes - SU21,742
75351102-9,Brooks Ghost 13,55414303-0, Nike Air Zoom Vomero 15 Running Shoes - SU21,743
75351102-9,Brooks Ghost 13,55414303-0, Nike Air Zoom Vomero 15 Running Shoes - SU21,744
75351102-9,Brooks Ghost 13,5559872746-0, Brooks Dyad 11,745
75351102-9,Brooks Ghost 13,5559872746-0, Brooks Dyad 11,746
75727983-1,Brooks Adrenaline GTS 21,5559872746-0, Brooks Dyad 11,747
75727983-1,Brooks Adrenaline GTS 21,5559872746-0, Brooks Dyad 11,748
75727983-1,Brooks Adrenaline GTS 21,5559872746-0, Brooks Dyad 11,749
75727983-1,Brooks Adrenaline GTS 21,5559872746-0, Brooks Dyad 11,750
75727983-1,Brooks Adrenaline GTS 21,5575083-0,Nike Womens Zoom Type Trainer,751
75727983-1,Brooks Adrenaline GTS 21,5575083-0,Nike Womens Zoom Type Trainer,752
75727983-2,Brooks Adrenaline GTS 21,5575083-0,Nike Womens Zoom Type Trainer,753
75727983-2,Brooks Adrenaline GTS 21,5575083-0,Nike Womens Zoom Type Trainer,754
75727983-2,Brooks Adrenaline GTS 21,5575083-0,Nike Womens Zoom Type Trainer,755
75727983-2,Brooks Adrenaline GTS 21,5575083-0,Nike Womens Zoom Type Trainer,756
75727983-2,Brooks Adrenaline GTS 21,5602633108-0, Brooks Launch GTS 8,757
75727983-2,Brooks Adrenaline GTS 21,5602633108-0, Brooks Launch GTS 8,758
75727983-3,Brooks Adrenaline GTS 21,5602633108-0, Brooks Launch GTS 8,759
75727983-3,Brooks Adrenaline GTS 21,5602633108-0, Brooks Launch GTS 8,760
75727983-3,Brooks Adrenaline GTS 21,5602633108-0, Brooks Launch GTS 8,761
75727983-3,Brooks Adrenaline GTS 21,5602633108-0, Brooks Launch GTS 8,762
75727983-3,Brooks Adrenaline GTS 21,5752285951-0,Brooks Glycerin 19 Running Shoes,763
75727983-3,Brooks Adrenaline GTS 21,5752285951-0,Brooks Glycerin 19 Running Shoes,764
76102943-1,Brooks Launch 8,5752285951-0,Brooks Glycerin 19 Running Shoes,765
76102943-1,Brooks Launch 8,5752285951-0,Brooks Glycerin 19 Running Shoes,766
76102943-1,Brooks Launch 8,5752285951-0,Brooks Glycerin 19 Running Shoes,767
76102943-1,Brooks Launch 8,5752285951-0,Brooks Glycerin 19 Running Shoes,768
76102943-1,Brooks Launch 8,5752285951-1,Brooks Glycerin 19 Running Shoes,769
76102943-1,Brooks Launch 8,5752285951-1,Brooks Glycerin 19 Running Shoes,770
77550018-0,Asics Gel Nimbus 23 Running Shoes Mens,5752285951-1,Brooks Glycerin 19 Running Shoes,771
77550018-0,Asics Gel Nimbus 23 Running Shoes Mens,5752285951-1,Brooks Glycerin 19 Running Shoes,772
77550018-0,Asics Gel Nimbus 23 Running Shoes Mens,5752285951-1,Brooks Glycerin 19 Running Shoes,773
77550018-0,Asics Gel Nimbus 23 Running Shoes Mens,5752285951-2,Brooks Glycerin 19 Running Shoes,774
77550018-0,Asics Gel Nimbus 23 Running Shoes Mens,5752285951-2,Brooks Glycerin 19 Running Shoes,775
77550018-0,Asics Gel Nimbus 23 Running Shoes Mens,5752285951-2,Brooks Glycerin 19 Running Shoes,776
77550018-0,Asics Gel Nimbus 23 Running Shoes Mens,5752285951-2,Brooks Glycerin 19 Running Shoes,777
7791136104-1,Nike Phantom GT Elite Dynamic Fit FG,5752285951-2,Brooks Glycerin 19 Running Shoes,778
7791136104-1,Nike Phantom GT Elite Dynamic Fit FG,57779013-1, Brooks Cascadia 15 Mens Trail Running Shoes,779
7791136104-1,Nike Phantom GT Elite Dynamic Fit FG,57779013-1, Brooks Cascadia 15 Mens Trail Running Shoes,780
7791136104-1,Nike Phantom GT Elite Dynamic Fit FG,57779013-1, Brooks Cascadia 15 Mens Trail Running Shoes,781
7791136104-1,Nike Phantom GT Elite Dynamic Fit FG,57779013-1, Brooks Cascadia 15 Mens Trail Running Shoes,782
7791136104-1,Nike Phantom GT Elite Dynamic Fit FG,57779013-1, Brooks Cascadia 15 Mens Trail Running Shoes,783
7791136104-1,Nike Phantom GT Elite Dynamic Fit FG,57779013-1, Brooks Cascadia 15 Mens Trail Running Shoes,784
7791136104-1,Nike Phantom GT Elite Dynamic Fit FG,57932044-0,Skechers Split man Sn99,785
7791136104-1,Nike Phantom GT Elite Dynamic Fit FG,57932044-0,Skechers Split man Sn99,786
7791136104-1,Nike Phantom GT Elite Dynamic Fit FG,57932044-0,Skechers Split man Sn99,787
78285785-0,Brooks Wire v6,57932044-0,Skechers Split man Sn99,788
78285785-0,Brooks Wire v6,57932044-0,Skechers Split man Sn99,789
78285785-0,Brooks Wire v6,58321324-0, Brooks Dyad 11 Womens Road Running Shoes,790
78285785-0,Brooks Wire v6,58321324-0, Brooks Dyad 11 Womens Road Running Shoes,791
78285785-0,Brooks Wire v6,58321324-0, Brooks Dyad 11 Womens Road Running Shoes,792
78285785-0,Brooks Wire v6,58321324-0, Brooks Dyad 11 Womens Road Running Shoes,793
7833190336-0,Reebok Zig Kinetica 21,58321324-0, Brooks Dyad 11 Womens Road Running Shoes,794
7833190336-0,Reebok Zig Kinetica 21,58321324-0, Brooks Dyad 11 Womens Road Running Shoes,795
7833190336-0,Reebok Zig Kinetica 21,58321324-1, Brooks Dyad 11 Womens Road Running Shoes,796
7833190336-0,Reebok Zig Kinetica 21,58321324-1, Brooks Dyad 11 Womens Road Running Shoes,797
7833190336-0,Reebok Zig Kinetica 21,58321324-1, Brooks Dyad 11 Womens Road Running Shoes,798
7833190336-0,Reebok Zig Kinetica 21,58321324-1, Brooks Dyad 11 Womens Road Running Shoes,799
7874995577-0,Adidas Continental Vulc W,58321324-1, Brooks Dyad 11 Womens Road Running Shoes,800
7874995577-0,Adidas Continental Vulc W,58321324-1, Brooks Dyad 11 Womens Road Running Shoes,801
7874995577-0,Adidas Continental Vulc W,5839264583-0,Brooks Launch GTS 8 Running Shoes,802
7874995577-0,Adidas Continental Vulc W,5839264583-0,Brooks Launch GTS 8 Running Shoes,803
7874995577-0,Adidas Continental Vulc W,5839264583-0,Brooks Launch GTS 8 Running Shoes,804
7986872-1, Under Armour TriBase Reign 2 Training Shoes - AW20,5839264583-0,Brooks Launch GTS 8 Running Shoes,805
7986872-1, Under Armour TriBase Reign 2 Training Shoes - AW20,5839264583-0,Brooks Launch GTS 8 Running Shoes,806
7986872-1, Under Armour TriBase Reign 2 Training Shoes - AW20,5839264583-0,Brooks Launch GTS 8 Running Shoes,807
7986872-1, Under Armour TriBase Reign 2 Training Shoes - AW20,586983957-0, Brooks Ghost 13,808
7989033108-0, Reebok Lite 2.0,586983957-0, Brooks Ghost 13,809
7989033108-0, Reebok Lite 2.0,586983957-0, Brooks Ghost 13,810
7989033108-0, Reebok Lite 2.0,586983957-0, Brooks Ghost 13,811
7989033108-0, Reebok Lite 2.0,586983957-0, Brooks Ghost 13,812
7989033108-0, Reebok Lite 2.0,586983957-0, Brooks Ghost 13,813
7989033108-0, Reebok Lite 2.0,586983957-2, Brooks Ghost 13,814
7989033108-0, Reebok Lite 2.0,586983957-2, Brooks Ghost 13,815
80681448-2,adidas Originals ZX Flux 2K Trainer,586983957-2, Brooks Ghost 13,816
80681448-2,adidas Originals ZX Flux 2K Trainer,586983957-2, Brooks Ghost 13,817
80681448-2,adidas Originals ZX Flux 2K Trainer,586983957-2, Brooks Ghost 13,818
80681448-2,adidas Originals ZX Flux 2K Trainer,586983957-2, Brooks Ghost 13,819
80681448-2,adidas Originals ZX Flux 2K Trainer,59326104-0, Brooks Catamount Mens Trail Running Shoes,820
80681448-2,adidas Originals ZX Flux 2K Trainer,59326104-0, Brooks Catamount Mens Trail Running Shoes,821
81152394-0,Brooks Launch GTS 8,59326104-0, Brooks Catamount Mens Trail Running Shoes,822
81152394-0,Brooks Launch GTS 8,59326104-0, Brooks Catamount Mens Trail Running Shoes,823
81152394-0,Brooks Launch GTS 8,59326104-0, Brooks Catamount Mens Trail Running Shoes,824
81152394-0,Brooks Launch GTS 8,59326104-0, Brooks Catamount Mens Trail Running Shoes,825
81152394-0,Brooks Launch GTS 8,6009810594-0,Hoka one one CHALLENGER ATR 5,826
81152394-0,Brooks Launch GTS 8,6009810594-0,Hoka one one CHALLENGER ATR 5,827
83857277-0,Brooks Glycerin 19,6009810594-0,Hoka one one CHALLENGER ATR 5,828
83857277-0,Brooks Glycerin 19,6009810594-0,Hoka one one CHALLENGER ATR 5,829
83857277-0,Brooks Glycerin 19,6009810594-0,Hoka one one CHALLENGER ATR 5,830
83857277-0,Brooks Glycerin 19,6009810594-0,Hoka one one CHALLENGER ATR 5,831
83857277-0,Brooks Glycerin 19,6009810594-0,Hoka one one CHALLENGER ATR 5,832
83857277-0,Brooks Glycerin 19,6037297205-0,Brooks Caldera 5 Trail Running Shoes,833
83857277-3,Brooks Glycerin 19,6037297205-0,Brooks Caldera 5 Trail Running Shoes,834
83857277-3,Brooks Glycerin 19,6037297205-0,Brooks Caldera 5 Trail Running Shoes,835
83857277-3,Brooks Glycerin 19,6037297205-0,Brooks Caldera 5 Trail Running Shoes,836
83857277-3,Brooks Glycerin 19,6037297205-0,Brooks Caldera 5 Trail Running Shoes,837
83857277-3,Brooks Glycerin 19,6037297205-0,Brooks Caldera 5 Trail Running Shoes,838
83857277-3,Brooks Glycerin 19,6038621882-1,Nike Mercurial Vapor 13 Academy MG,839
8483491988-5,NikeCourt Air Zoom Vapor Pro,6038621882-1,Nike Mercurial Vapor 13 Academy MG,840
8483491988-5,NikeCourt Air Zoom Vapor Pro,6038621882-1,Nike Mercurial Vapor 13 Academy MG,841
8483491988-5,NikeCourt Air Zoom Vapor Pro,6038621882-1,Nike Mercurial Vapor 13 Academy MG,842
8483491988-5,NikeCourt Air Zoom Vapor Pro,6038621882-1,Nike Mercurial Vapor 13 Academy MG,843
8483491988-5,NikeCourt Air Zoom Vapor Pro,6038621882-1,Nike Mercurial Vapor 13 Academy MG,844
8483491988-5,NikeCourt Air Zoom Vapor Pro,6038621882-1,Nike Mercurial Vapor 13 Academy MG,845
8483491988-5,NikeCourt Air Zoom Vapor Pro,6038621882-1,Nike Mercurial Vapor 13 Academy MG,846
8483491988-5,NikeCourt Air Zoom Vapor Pro,6038621882-1,Nike Mercurial Vapor 13 Academy MG,847
84877954-0,Fila - DISRUPTOR LOW,60859783-15,Nike Air Force 1 07 Trainers,848
84877954-0,Fila - DISRUPTOR LOW,60859783-15,Nike Air Force 1 07 Trainers,849
84877954-0,Fila - DISRUPTOR LOW,60859783-15,Nike Air Force 1 07 Trainers,850
84877954-0,Fila - DISRUPTOR LOW,60859783-15,Nike Air Force 1 07 Trainers,851
84877954-0,Fila - DISRUPTOR LOW,60859783-15,Nike Air Force 1 07 Trainers,852
84877954-0,Fila - DISRUPTOR LOW,60859783-15,Nike Air Force 1 07 Trainers,853
84877954-0,Fila - DISRUPTOR LOW,60859783-15,Nike Air Force 1 07 Trainers,854
8489394819-2, Reebok Lite 2.0,60859783-15,Nike Air Force 1 07 Trainers,855
8489394819-2, Reebok Lite 2.0,60859783-15,Nike Air Force 1 07 Trainers,856
8489394819-2, Reebok Lite 2.0,6131794370-0, Brooks Launch 8,857
8489394819-2, Reebok Lite 2.0,6131794370-0, Brooks Launch 8,858
8489394819-2, Reebok Lite 2.0,6131794370-0, Brooks Launch 8,859
8489394819-2, Reebok Lite 2.0,6131794370-0, Brooks Launch 8,860
8489394819-2, Reebok Lite 2.0,6131794370-0, Brooks Launch 8,861
87663212-0,Nike Vapormax 2020 Trainers,6131794370-0, Brooks Launch 8,862
87663212-0,Nike Vapormax 2020 Trainers,6131794370-1, Brooks Launch 8,863
87663212-0,Nike Vapormax 2020 Trainers,6131794370-1, Brooks Launch 8,864
87663212-0,Nike Vapormax 2020 Trainers,6131794370-1, Brooks Launch 8,865
87663212-0,Nike Vapormax 2020 Trainers,6131794370-1, Brooks Launch 8,866
87663212-0,Nike Vapormax 2020 Trainers,6131794370-1, Brooks Launch 8,867
87663212-0,Nike Vapormax 2020 Trainers,6131794370-1, Brooks Launch 8,868
87663212-0,Nike Vapormax 2020 Trainers,6178342-1,Converse - CHUCK TAYLOR ALL STAR VACHETTA LEATHER HI,869
87663212-0,Nike Vapormax 2020 Trainers,6178342-1,Converse - CHUCK TAYLOR ALL STAR VACHETTA LEATHER HI,870
87663212-0,Nike Vapormax 2020 Trainers,6178342-1,Converse - CHUCK TAYLOR ALL STAR VACHETTA LEATHER HI,871
89043860-3,Converse - ALL STAR DAINTY OX,6178342-1,Converse - CHUCK TAYLOR ALL STAR VACHETTA LEATHER HI,872
89043860-3,Converse - ALL STAR DAINTY OX,6178342-1,Converse - CHUCK TAYLOR ALL STAR VACHETTA LEATHER HI,873
89043860-3,Converse - ALL STAR DAINTY OX,6178342-1,Converse - CHUCK TAYLOR ALL STAR VACHETTA LEATHER HI,874
89043860-3,Converse - ALL STAR DAINTY OX,6207752-1,Brooks Ghost 13 Mens ,875
89043860-3,Converse - ALL STAR DAINTY OX,6207752-1,Brooks Ghost 13 Mens ,876
89043860-3,Converse - ALL STAR DAINTY OX,6207752-1,Brooks Ghost 13 Mens ,877
89043860-3,Converse - ALL STAR DAINTY OX,6207752-1,Brooks Ghost 13 Mens ,878
89531443-0, Nike Zoom Fly 3 Womens Running Shoes - SU20,6207752-1,Brooks Ghost 13 Mens ,879
89531443-0, Nike Zoom Fly 3 Womens Running Shoes - SU20,6207752-1,Brooks Ghost 13 Mens ,880
89531443-0, Nike Zoom Fly 3 Womens Running Shoes - SU20,6207752-2,Brooks Ghost 13 Mens ,881
89531443-0, Nike Zoom Fly 3 Womens Running Shoes - SU20,6207752-2,Brooks Ghost 13 Mens ,882
89531443-0, Nike Zoom Fly 3 Womens Running Shoes - SU20,6207752-2,Brooks Ghost 13 Mens ,883
89531443-0, Nike Zoom Fly 3 Womens Running Shoes - SU20,6207752-2,Brooks Ghost 13 Mens ,884
89531443-0, Nike Zoom Fly 3 Womens Running Shoes - SU20,6207752-2,Brooks Ghost 13 Mens ,885
89531443-0, Nike Zoom Fly 3 Womens Running Shoes - SU20,6207752-2,Brooks Ghost 13 Mens ,886
8963588-1,Brooks Catamount,6207752-6,Brooks Ghost 13 Mens,887
8963588-1,Brooks Catamount,6207752-6,Brooks Ghost 13 Mens,888
8963588-1,Brooks Catamount,6207752-6,Brooks Ghost 13 Mens,889
8963588-1,Brooks Catamount,6207752-6,Brooks Ghost 13 Mens,890
8963588-1,Brooks Catamount,6207752-6,Brooks Ghost 13 Mens,891
8963588-1,Brooks Catamount,6207752-6,Brooks Ghost 13 Mens,892
89643236-2, Saucony Triumph 18 Womens Running Shoes - AW20,6249767945-0, Brooks Glycerin GTS 19,893
89643236-2, Saucony Triumph 18 Womens Running Shoes - AW20,6249767945-0, Brooks Glycerin GTS 19,894
89643236-2, Saucony Triumph 18 Womens Running Shoes - AW20,6249767945-0, Brooks Glycerin GTS 19,895
89643236-2, Saucony Triumph 18 Womens Running Shoes - AW20,6249767945-0, Brooks Glycerin GTS 19,896
90298699-0,Brooks Cascadia 15,6249767945-0, Brooks Glycerin GTS 19,897
90298699-0,Brooks Cascadia 15,6249767945-0, Brooks Glycerin GTS 19,898
90298699-0,Brooks Cascadia 15,6249767945-1, Brooks Glycerin GTS 19,899
90298699-0,Brooks Cascadia 15,6249767945-1, Brooks Glycerin GTS 19,900
90298699-0,Brooks Cascadia 15,6249767945-1, Brooks Glycerin GTS 19,901
90298699-0,Brooks Cascadia 15,6249767945-1, Brooks Glycerin GTS 19,902
9065233424-0,NeroGiardini MANO,6249767945-1, Brooks Glycerin GTS 19,903
9065233424-0,NeroGiardini MANO,6249767945-1, Brooks Glycerin GTS 19,904
9065233424-0,NeroGiardini MANO,6269594105-0,Timberland SKYLA BAY OXFORD,905
9065233424-0,NeroGiardini MANO,6269594105-0,Timberland SKYLA BAY OXFORD,906
9065233424-0,NeroGiardini MANO,6269594105-0,Timberland SKYLA BAY OXFORD,907
9065233424-0,NeroGiardini MANO,6269594105-0,Timberland SKYLA BAY OXFORD,908
9065233424-0,NeroGiardini MANO,6269594105-0,Timberland SKYLA BAY OXFORD,909
9108133965-3,Xero Shoes HFS Running Shoes,6269594105-0,Timberland SKYLA BAY OXFORD,910
9108133965-3,Xero Shoes HFS Running Shoes,6269594105-0,Timberland SKYLA BAY OXFORD,911
9108133965-3,Xero Shoes HFS Running Shoes,6302253593-0, Brooks Ricochet 3,912
9108133965-3,Xero Shoes HFS Running Shoes,6302253593-0, Brooks Ricochet 3,913
9108133965-3,Xero Shoes HFS Running Shoes,6302253593-0, Brooks Ricochet 3,914
9108133965-3,Xero Shoes HFS Running Shoes,6302253593-0, Brooks Ricochet 3,915
9108133965-3,Xero Shoes HFS Running Shoes,6302253593-0, Brooks Ricochet 3,916
9108133965-3,Xero Shoes HFS Running Shoes,6302253593-0, Brooks Ricochet 3,917
9108133965-3,Xero Shoes HFS Running Shoes,6302253593-1, Brooks Ricochet 3,918
91352650-0, Under Armour TriBase Reign Training Shoes - AW19,6302253593-1, Brooks Ricochet 3,919
91352650-0, Under Armour TriBase Reign Training Shoes - AW19,6302253593-1, Brooks Ricochet 3,920
91352650-0, Under Armour TriBase Reign Training Shoes - AW19,6302253593-1, Brooks Ricochet 3,921
91352650-0, Under Armour TriBase Reign Training Shoes - AW19,6302253593-1, Brooks Ricochet 3,922
91352650-0, Under Armour TriBase Reign Training Shoes - AW19,6302253593-1, Brooks Ricochet 3,923
9151574728-0,Asics Gel Kayano V OG,63280045-0, Brooks Revel 4 Womens Road Running Shoes,924
9151574728-0,Asics Gel Kayano V OG,63280045-0, Brooks Revel 4 Womens Road Running Shoes,925
9151574728-0,Asics Gel Kayano V OG,63280045-0, Brooks Revel 4 Womens Road Running Shoes,926
9151574728-0,Asics Gel Kayano V OG,63280045-0, Brooks Revel 4 Womens Road Running Shoes,927
9151574728-0,Asics Gel Kayano V OG,63280045-0, Brooks Revel 4 Womens Road Running Shoes,928
9151574728-0,Asics Gel Kayano V OG,63280045-0, Brooks Revel 4 Womens Road Running Shoes,929
92732409-0,Brooks Glycerin GTS 19,64606328-2, Brooks Ghost 13 Mens Road Running Shoes,930
92732409-0,Brooks Glycerin GTS 19,64606328-2, Brooks Ghost 13 Mens Road Running Shoes,931
92732409-0,Brooks Glycerin GTS 19,64606328-2, Brooks Ghost 13 Mens Road Running Shoes,932
92732409-0,Brooks Glycerin GTS 19,64606328-2, Brooks Ghost 13 Mens Road Running Shoes,933
92732409-0,Brooks Glycerin GTS 19,64606328-2, Brooks Ghost 13 Mens Road Running Shoes,934
92732409-0,Brooks Glycerin GTS 19,64606328-2, Brooks Ghost 13 Mens Road Running Shoes,935
92732409-1,Brooks Glycerin GTS 19,6498627574-0,Gabor KURUKU,936
92732409-1,Brooks Glycerin GTS 19,6498627574-0,Gabor KURUKU,937
92732409-1,Brooks Glycerin GTS 19,6498627574-0,Gabor KURUKU,938
92732409-1,Brooks Glycerin GTS 19,6498627574-0,Gabor KURUKU,939
92732409-1,Brooks Glycerin GTS 19,6498627574-0,Gabor KURUKU,940
92732409-1,Brooks Glycerin GTS 19,6498627574-0,Gabor KURUKU,941
92873965-2, ASICS Novablast Running Shoes - SS21,6498627574-0,Gabor KURUKU,942
92873965-2, ASICS Novablast Running Shoes - SS21,650780181-0, Brooks Ghost 13 Narrow,943
92873965-2, ASICS Novablast Running Shoes - SS21,650780181-0, Brooks Ghost 13 Narrow,944
92873965-2, ASICS Novablast Running Shoes - SS21,650780181-0, Brooks Ghost 13 Narrow,945
92873965-2, ASICS Novablast Running Shoes - SS21,650780181-0, Brooks Ghost 13 Narrow,946
92873965-2, ASICS Novablast Running Shoes - SS21,650780181-0, Brooks Ghost 13 Narrow,947
92873965-2, ASICS Novablast Running Shoes - SS21,650780181-0, Brooks Ghost 13 Narrow,948
93004438-1,Brooks Beast 20 Mens ,6578106220-0,Brooks Glycerin 19 Running Shoes,949
93004438-1,Brooks Beast 20 Mens ,6578106220-0,Brooks Glycerin 19 Running Shoes,950
93004438-1,Brooks Beast 20 Mens ,6578106220-0,Brooks Glycerin 19 Running Shoes,951
93004438-1,Brooks Beast 20 Mens ,6578106220-0,Brooks Glycerin 19 Running Shoes,952
93004438-1,Brooks Beast 20 Mens ,6578106220-0,Brooks Glycerin 19 Running Shoes,953
93004438-1,Brooks Beast 20 Mens ,6578106220-0,Brooks Glycerin 19 Running Shoes,954
9311182682-1,No Name FLEX JOGGER,6578106220-1,Brooks Glycerin 19 Running Shoes,955
9311182682-1,No Name FLEX JOGGER,6578106220-1,Brooks Glycerin 19 Running Shoes,956
9311182682-1,No Name FLEX JOGGER,6578106220-1,Brooks Glycerin 19 Running Shoes,957
9311182682-1,No Name FLEX JOGGER,6578106220-1,Brooks Glycerin 19 Running Shoes,958
9311182682-1,No Name FLEX JOGGER,6578106220-1,Brooks Glycerin 19 Running Shoes,959
9311182682-1,No Name FLEX JOGGER,6578106220-1,Brooks Glycerin 19 Running Shoes,960
9311182682-1,No Name FLEX JOGGER,6644935798-0, Brooks Beast 20,961
93129287-0, ASICS Dynablast Sakura Womens Running Shoes - SS21,6644935798-0, Brooks Beast 20,962
93129287-0, ASICS Dynablast Sakura Womens Running Shoes - SS21,6644935798-0, Brooks Beast 20,963
93129287-0, ASICS Dynablast Sakura Womens Running Shoes - SS21,6644935798-0, Brooks Beast 20,964
93129287-0, ASICS Dynablast Sakura Womens Running Shoes - SS21,6644935798-0, Brooks Beast 20,965
93129287-0, ASICS Dynablast Sakura Womens Running Shoes - SS21,6644935798-0, Brooks Beast 20,966
9326799698-8,Veja Womens V-10 Leather Basketball Sneaker,6716274024-0,Brooks Ricochet 3 Running Shoes,967
9326799698-8,Veja Womens V-10 Leather Basketball Sneaker,6716274024-0,Brooks Ricochet 3 Running Shoes,968
9326799698-8,Veja Womens V-10 Leather Basketball Sneaker,6716274024-0,Brooks Ricochet 3 Running Shoes,969
9326799698-8,Veja Womens V-10 Leather Basketball Sneaker,6716274024-0,Brooks Ricochet 3 Running Shoes,970
9326799698-8,Veja Womens V-10 Leather Basketball Sneaker,6716274024-0,Brooks Ricochet 3 Running Shoes,971
93441525-2,Brooks Launch GTS 8,6716274024-0,Brooks Ricochet 3 Running Shoes,972
93441525-2,Brooks Launch GTS 8,6718782502-4,Reebok CL Legacy,973
93441525-2,Brooks Launch GTS 8,6718782502-4,Reebok CL Legacy,974
93441525-2,Brooks Launch GTS 8,6718782502-4,Reebok CL Legacy,975
93441525-2,Brooks Launch GTS 8,6718782502-4,Reebok CL Legacy,976
93441525-2,Brooks Launch GTS 8,6718782502-4,Reebok CL Legacy,977
93441525-3,Brooks Launch GTS 8,6718782502-4,Reebok CL Legacy,978
93441525-3,Brooks Launch GTS 8,67482776-0,Brooks Hyperion Tempo,979
93441525-3,Brooks Launch GTS 8,67482776-0,Brooks Hyperion Tempo,980
93441525-3,Brooks Launch GTS 8,67482776-0,Brooks Hyperion Tempo,981
93441525-3,Brooks Launch GTS 8,67482776-0,Brooks Hyperion Tempo,982
93441525-3,Brooks Launch GTS 8,67482776-0,Brooks Hyperion Tempo,983
9393095-0,Brooks Cascadia 15,67482776-0,Brooks Hyperion Tempo,984
9393095-0,Brooks Cascadia 15,681018076-1,Brooks Beast 20 Running Shoes,985
9393095-0,Brooks Cascadia 15,681018076-1,Brooks Beast 20 Running Shoes,986
9393095-0,Brooks Cascadia 15,681018076-1,Brooks Beast 20 Running Shoes,987
9393095-0,Brooks Cascadia 15,681018076-1,Brooks Beast 20 Running Shoes,988
9393095-0,Brooks Cascadia 15,681018076-1,Brooks Beast 20 Running Shoes,989
9393095-2,Brooks Cascadia 15,681018076-1,Brooks Beast 20 Running Shoes,990
9393095-2,Brooks Cascadia 15,6867745308-1,Le Temps des Cerises TALYS,991
9393095-2,Brooks Cascadia 15,6867745308-1,Le Temps des Cerises TALYS,992
9393095-2,Brooks Cascadia 15,6867745308-1,Le Temps des Cerises TALYS,993
9393095-2,Brooks Cascadia 15,6867745308-1,Le Temps des Cerises TALYS,994
9393095-2,Brooks Cascadia 15,6867745308-1,Le Temps des Cerises TALYS,995
95856622-0, Hoka Bondi LTR Running Shoes - SS20,6867745308-1,Le Temps des Cerises TALYS,996
95856622-0, Hoka Bondi LTR Running Shoes - SS20,6867745308-1,Le Temps des Cerises TALYS,997
95856622-0, Hoka Bondi LTR Running Shoes - SS20,68962755-0,Brooks Launch GTS 8 Womens,998
95856622-0, Hoka Bondi LTR Running Shoes - SS20,68962755-0,Brooks Launch GTS 8 Womens,999
95856622-0, Hoka Bondi LTR Running Shoes - SS20,68962755-0,Brooks Launch GTS 8 Womens,1000
9784263787-1,Nike Challenger OG,68962755-0,Brooks Launch GTS 8 Womens,1001
9784263787-1,Nike Challenger OG,68962755-0,Brooks Launch GTS 8 Womens,1002
9784263787-1,Nike Challenger OG,68962755-0,Brooks Launch GTS 8 Womens,1003
9784263787-1,Nike Challenger OG,68962755-1,Brooks Launch GTS 8 Womens,1004
9784263787-1,Nike Challenger OG,68962755-1,Brooks Launch GTS 8 Womens,1005
9784263787-1,Nike Challenger OG,68962755-1,Brooks Launch GTS 8 Womens,1006
9828982823-2,Reebok Classic CLUB C 85,68962755-1,Brooks Launch GTS 8 Womens,1007
9828982823-2,Reebok Classic CLUB C 85,68962755-1,Brooks Launch GTS 8 Womens,1008
9828982823-2,Reebok Classic CLUB C 85,68962755-1,Brooks Launch GTS 8 Womens,1009
9828982823-2,Reebok Classic CLUB C 85,6927788-0, Brooks Hyperion Tempo Womens Road Running Shoes,1010
9828982823-2,Reebok Classic CLUB C 85,6927788-0, Brooks Hyperion Tempo Womens Road Running Shoes,1011
9828982823-2,Reebok Classic CLUB C 85,6927788-0, Brooks Hyperion Tempo Womens Road Running Shoes,1012
9828982823-2,Reebok Classic CLUB C 85,6927788-0, Brooks Hyperion Tempo Womens Road Running Shoes,1013
98459247-1,Brooks Revel 4,6927788-0, Brooks Hyperion Tempo Womens Road Running Shoes,1014
98459247-1,Brooks Revel 4,6927788-0, Brooks Hyperion Tempo Womens Road Running Shoes,1015
98459247-1,Brooks Revel 4,69614330-0,Nike - RENEW LUCENT 2,1016
98459247-1,Brooks Revel 4,69614330-0,Nike - RENEW LUCENT 2,1017
98459247-1,Brooks Revel 4,69614330-0,Nike - RENEW LUCENT 2,1018
98459247-1,Brooks Revel 4,69614330-0,Nike - RENEW LUCENT 2,1019
98459247-3,Brooks Revel 4,69614330-0,Nike - RENEW LUCENT 2,1020
98459247-3,Brooks Revel 4,69614330-0,Nike - RENEW LUCENT 2,1021
98459247-3,Brooks Revel 4,70245610-2, Brooks Ghost 13,1022
98459247-3,Brooks Revel 4,70245610-2, Brooks Ghost 13,1023
98459247-3,Brooks Revel 4,70245610-2, Brooks Ghost 13,1024
98459247-3,Brooks Revel 4,70245610-2, Brooks Ghost 13,1025
98459247-5,Brooks Revel 4,70245610-2, Brooks Ghost 13,1026
98459247-5,Brooks Revel 4,70245610-2, Brooks Ghost 13,1027
98459247-5,Brooks Revel 4,7099271290-1, Brooks Ghost 13 Extra Wide,1028
98459247-5,Brooks Revel 4,7099271290-1, Brooks Ghost 13 Extra Wide,1029
98459247-5,Brooks Revel 4,7099271290-1, Brooks Ghost 13 Extra Wide,1030
9969977086-0,Puma Unisex Velocity 2.0 Lace Up,7099271290-1, Brooks Ghost 13 Extra Wide,1031
9969977086-0,Puma Unisex Velocity 2.0 Lace Up,7099271290-1, Brooks Ghost 13 Extra Wide,1032
9969977086-0,Puma Unisex Velocity 2.0 Lace Up,7099271290-1, Brooks Ghost 13 Extra Wide,1033
9969977086-0,Puma Unisex Velocity 2.0 Lace Up,72384879-0,Under Armour TriBase Reign 3 Womens Training Shoes,1034
